time, tf_x, tf_y, tf_z, loc_x, loc_y, loc_z, vel_x, vel_y, vel_z, velr_x, velr_y, velr_z, traj
15.268,0.722697,-0.616239,0,0.710425,-0.622186,0.929305,0.947978,-0.900157,-0.0122473,0.947978,-0.900234,0.00346451,[[15.359:[0.805223;-0.712201;0.92808]]+[15.459:[0.90002;-0.802217;0.926856]]+[15.559:[0.994818;-0.892233;0.925631]]+[15.659:[1.08962;-0.982249;0.924406]]+[15.759:[1.18441;-1.07226;0.923182]]+[15.859:[1.27921;-1.16228;0.921957]]+[15.959:[1.37401;-1.2523;0.920732]]+[16.059:[1.46881;-1.34231;0.919507]]+[16.159:[1.56361;-1.43233;0.918283]]+[16.259:[1.6584;-1.52234;0.917058]]+],
15.268,0.722697,-0.616239,0,0.710425,-0.622186,0.929305,0.947978,-0.900157,-0.0122473,0.947978,-0.900234,0.00346451,[[15.359:[0.805223;-0.712201;0.92808]]+[15.459:[0.90002;-0.802217;0.926856]]+[15.559:[0.994818;-0.892233;0.925631]]+[15.659:[1.08962;-0.982249;0.924406]]+[15.759:[1.18441;-1.07226;0.923182]]+[15.859:[1.27921;-1.16228;0.921957]]+[15.959:[1.37401;-1.2523;0.920732]]+[16.059:[1.46881;-1.34231;0.919507]]+[16.159:[1.56361;-1.43233;0.918283]]+[16.259:[1.6584;-1.52234;0.917058]]+],
15.368,0.818859,-0.705879,0,0.809979,-0.717746,0.928716,0.960318,-0.905172,-0.0027864,0.944374,-0.921794,-0.0027864,[[15.464:[0.906011;-0.808263;0.928438]]+[15.564:[1.00204;-0.898781;0.928159]]+[15.664:[1.09807;-0.989298;0.92788]]+[15.764:[1.19411;-1.07982;0.927602]]+[15.864:[1.29014;-1.17033;0.927323]]+[15.964:[1.38617;-1.26085;0.927044]]+[16.064:[1.4822;-1.35137;0.926766]]+[16.164:[1.57823;-1.44188;0.926487]]+[16.264:[1.67427;-1.5324;0.926208]]+],
15.468,0.90521,-0.787798,0,0.906758,-0.80989,0.927656,0.95664,-0.918341,-0.0112173,0.940467,-0.934897,-0.0112173,[[15.565:[1.00242;-0.901724;0.926535]]+[15.665:[1.09809;-0.993558;0.925413]]+[15.765:[1.19375;-1.08539;0.924291]]+[15.865:[1.28941;-1.17723;0.923169]]+[15.965:[1.38508;-1.26906;0.922048]]+[16.065:[1.48074;-1.36089;0.920926]]+[16.165:[1.57641;-1.45273;0.919804]]+[16.265:[1.67207;-1.54456;0.918683]]+[16.365:[1.76773;-1.6364;0.917561]]+],
15.569,1.00131,-0.879691,0,1.00264,-0.902193,0.926961,0.960156,-0.927248,-0.0211004,0.943827,-0.943863,-0.0211004,[[15.665:[1.09866;-0.994917;0.924851]]+[15.765:[1.19467;-1.08764;0.922741]]+[15.865:[1.29069;-1.18037;0.920631]]+[15.965:[1.3867;-1.27309;0.918521]]+[16.065:[1.48272;-1.36582;0.916411]]+[16.165:[1.57873;-1.45854;0.914301]]+[16.265:[1.67475;-1.55127;0.912191]]+[16.365:[1.77076;-1.64399;0.910081]]+[16.465:[1.86678;-1.73672;0.907971]]+[16.565:[1.9628;-1.82944;0.905861]]+],
15.669,1.10741,-0.981395,0,1.09842,-0.995332,0.925105,0.952447,-0.933196,-0.0239714,0.936016,-0.949677,-0.0239714,[[15.765:[1.19367;-1.08865;0.922708]]+[15.865:[1.28891;-1.18197;0.92031]]+[15.965:[1.38416;-1.27529;0.917913]]+[16.065:[1.4794;-1.36861;0.915516]]+[16.165:[1.57465;-1.46193;0.913119]]+[16.265:[1.66989;-1.55525;0.910722]]+[16.365:[1.76514;-1.64857;0.908325]]+[16.465:[1.86038;-1.74189;0.905928]]+[16.565:[1.95563;-1.83521;0.90353]]+[16.665:[2.05087;-1.92853;0.901133]]+],
15.768,1.19223,-1.06477,0,1.19035,-1.088,0.927764,0.888787,-0.938371,0.0695988,0.874772,-0.953739,-0.02196,[[15.864:[1.27923;-1.18184;0.934723]]+[15.964:[1.36811;-1.27567;0.941683]]+[16.064:[1.45698;-1.36951;0.948643]]+[16.164:[1.54586;-1.46335;0.955603]]+[16.264:[1.63474;-1.55719;0.962563]]+[16.364:[1.72362;-1.65102;0.969523]]+[16.464:[1.8125;-1.74486;0.976483]]+[16.564:[1.90138;-1.8387;0.983443]]+[16.664:[1.99026;-1.93253;0.990403]]+],
15.868,1.26879,-1.14861,0,1.27192,-1.18311,0.937643,0.717175,-0.945063,0.10998,0.708686,-0.957435,-0.0257157,[[15.965:[1.34364;-1.27761;0.948641]]+[16.065:[1.41536;-1.37212;0.959639]]+[16.165:[1.48708;-1.46663;0.970637]]+[16.265:[1.55879;-1.56113;0.981635]]+[16.365:[1.63051;-1.65564;0.992633]]+[16.465:[1.70223;-1.75015;1.00363]]+[16.565:[1.77395;-1.84465;1.01463]]+[16.665:[1.84566;-1.93916;1.02563]]+[16.765:[1.91738;-2.03366;1.03663]]+],
15.969,1.34761,-1.2614,0,1.33255,-1.27812,0.94663,0.522053,-0.955789,0.064565,0.508827,-0.964754,-0.024159,[[16.065:[1.38476;-1.3737;0.953086]]+[16.165:[1.43696;-1.46928;0.959543]]+[16.265:[1.48917;-1.56486;0.966]]+[16.365:[1.54137;-1.66044;0.972456]]+[16.465:[1.59358;-1.75602;0.978913]]+[16.565:[1.64578;-1.8516;0.985369]]+[16.665:[1.69799;-1.94718;0.991826]]+[16.765:[1.75019;-2.04276;0.998282]]+[16.865:[1.8024;-2.13833;1.00474]]+],
16.068,1.38105,-1.32805,0,1.3763,-1.37387,0.950933,0.356143,-0.963278,0.023936,0.339307,-0.969347,-0.0235152,[[16.165:[1.41191;-1.4702;0.953326]]+[16.265:[1.44753;-1.56652;0.95572]]+[16.365:[1.48314;-1.66285;0.958113]]+[16.465:[1.51875;-1.75918;0.960507]]+[16.565:[1.55437;-1.85551;0.962901]]+[16.665:[1.58998;-1.95184;0.965294]]+[16.765:[1.6256;-2.04816;0.967688]]+[16.865:[1.66121;-2.14449;0.970081]]+[16.965:[1.69683;-2.24082;0.972475]]+],
16.169,1.41785,-1.43336,0,1.40488,-1.46902,0.951732,0.220595,-0.960731,-0.00406601,0.183994,-0.967844,-0.0332585,[[16.264:[1.42694;-1.56509;0.951325]]+[16.364:[1.449;-1.66116;0.950918]]+[16.464:[1.47106;-1.75724;0.950512]]+[16.564:[1.49312;-1.85331;0.950105]]+[16.664:[1.51518;-1.94938;0.949699]]+[16.764:[1.53724;-2.04545;0.949292]]+[16.864:[1.5593;-2.14153;0.948885]]+[16.964:[1.58136;-2.2376;0.948479]]+[17.064:[1.60342;-2.33367;0.948072]]+],
16.268,1.43511,-1.53952,0,1.4176,-1.5628,0.950672,0.0417404,-0.971806,-0.0210714,0.00402197,-0.972671,-0.0221056,[[16.361:[1.42178;-1.65998;0.948565]]+[16.461:[1.42595;-1.75717;0.946458]]+[16.561:[1.43012;-1.85435;0.944351]]+[16.661:[1.4343;-1.95153;0.942244]]+[16.761:[1.43847;-2.04871;0.940137]]+[16.861:[1.44265;-2.14589;0.938029]]+[16.961:[1.44682;-2.24307;0.935922]]+[17.061:[1.45099;-2.34025;0.933815]]+[17.161:[1.45517;-2.43743;0.931708]]+],
16.372,1.4306,-1.64684,0,1.41235,-1.6662,0.946982,-0.13958,-0.979318,-0.0500168,-0.17972,-0.97385,-0.019099,[[16.464:[1.39881;-1.76119;0.94213]]+[16.564:[1.38485;-1.85912;0.937129]]+[16.664:[1.37089;-1.95705;0.932127]]+[16.764:[1.35694;-2.05499;0.927125]]+[16.864:[1.34298;-2.15292;0.922124]]+[16.964:[1.32902;-2.25085;0.917122]]+[17.064:[1.31506;-2.34878;0.91212]]+[17.164:[1.3011;-2.44671;0.907119]]+[17.264:[1.28715;-2.54465;0.902117]]+],
16.468,1.40668,-1.74527,0,1.38796,-1.76254,0.941213,-0.332465,-0.987668,-0.0701395,-0.37334,-0.975463,-0.00539162,[[16.565:[1.35471;-1.86131;0.934199]]+[16.665:[1.32146;-1.96007;0.927185]]+[16.765:[1.28822;-2.05884;0.920171]]+[16.865:[1.25497;-2.15761;0.913157]]+[16.965:[1.22172;-2.25637;0.906143]]+[17.065:[1.18848;-2.35514;0.899129]]+[17.165:[1.15523;-2.45391;0.892115]]+[17.265:[1.12198;-2.55267;0.885101]]+[17.365:[1.08874;-2.65144;0.878087]]+],
16.569,1.36396,-1.8448,0,1.34449,-1.8617,0.932064,-0.516025,-0.993679,-0.0985322,-0.559027,-0.975065,-0.0112193,[[16.665:[1.29289;-1.96106;0.92221]]+[16.765:[1.24129;-2.06043;0.912357]]+[16.865:[1.18968;-2.1598;0.902504]]+[16.965:[1.13808;-2.25917;0.892651]]+[17.065:[1.08648;-2.35854;0.882797]]+[17.165:[1.03488;-2.4579;0.872944]]+[17.265:[0.983273;-2.55727;0.863091]]+[17.365:[0.931671;-2.65664;0.853238]]+[17.465:[0.880068;-2.75601;0.843385]]+],
16.668,1.31191,-1.93517,0,1.2849,-1.96149,0.922876,-0.652544,-1.00065,-0.0889759,-0.692606,-0.977265,-0.0166702,[[16.765:[1.21965;-2.06155;0.913979]]+[16.865:[1.15439;-2.16162;0.905081]]+[16.965:[1.08914;-2.26168;0.896183]]+[17.065:[1.02389;-2.36175;0.887286]]+[17.165:[0.958631;-2.46181;0.878388]]+[17.265:[0.893376;-2.56188;0.869491]]+[17.365:[0.828122;-2.66194;0.860593]]+[17.465:[0.762867;-2.76201;0.851695]]+[17.565:[0.697613;-2.86207;0.842798]]+],
16.768,1.24283,-2.03622,0,1.2138,-2.06186,0.915679,-0.752571,-1.00456,-0.0638071,-0.789705,-0.977685,-0.00874137,[[16.865:[1.13854;-2.16232;0.909299]]+[16.965:[1.06329;-2.26278;0.902918]]+[17.065:[0.988028;-2.36323;0.896537]]+[17.165:[0.912771;-2.46369;0.890157]]+[17.265:[0.837514;-2.56415;0.883776]]+[17.365:[0.762256;-2.6646;0.877395]]+[17.465:[0.686999;-2.76506;0.871014]]+[17.565:[0.611742;-2.86551;0.864634]]+[17.665:[0.536485;-2.96597;0.858253]]+],
16.868,1.16585,-2.13666,0,1.1357,-2.15995,0.914204,-0.81583,-0.965856,0.0251223,-0.847647,-0.938332,-0.0107428,[[16.964:[1.05412;-2.25653;0.916716]]+[17.064:[0.972535;-2.35312;0.919228]]+[17.164:[0.890952;-2.4497;0.92174]]+[17.264:[0.809369;-2.54629;0.924253]]+[17.364:[0.727786;-2.64287;0.926765]]+[17.464:[0.646203;-2.73946;0.929277]]+[17.564:[0.56462;-2.83604;0.931789]]+[17.664:[0.483037;-2.93263;0.934301]]+[17.764:[0.401454;-3.02922;0.936814]]+],
16.968,1.07525,-2.24033,0,1.05087,-2.25326,0.916809,-0.858513,-0.885353,0.0300116,-0.8873,-0.856917,-0.0137223,[[17.065:[0.965023;-2.3418;0.919811]]+[17.165:[0.879171;-2.43033;0.922812]]+[17.265:[0.79332;-2.51887;0.925813]]+[17.365:[0.707469;-2.6074;0.928814]]+[17.465:[0.621617;-2.69594;0.931815]]+[17.565:[0.535766;-2.78447;0.934816]]+[17.665:[0.449915;-2.87301;0.937818]]+[17.765:[0.364064;-2.96154;0.940819]]+[17.865:[0.278212;-3.05008;0.94382]]+],
17.069,0.989015,-2.32541,0,0.966007,-2.33435,0.921997,-0.889002,-0.784129,0.0613575,-0.914616,-0.756586,-0.00176286,[[17.162:[0.877107;-2.41276;0.928133]]+[17.262:[0.788207;-2.49117;0.934269]]+[17.362:[0.699307;-2.56959;0.940405]]+[17.462:[0.610406;-2.648;0.946541]]+[17.562:[0.521506;-2.72641;0.952676]]+[17.662:[0.432606;-2.80483;0.958812]]+[17.762:[0.343706;-2.88324;0.964948]]+[17.862:[0.254806;-2.96165;0.971084]]+[17.962:[0.165906;-3.04006;0.977219]]+],
17.168,0.900338,-2.40021,0,0.873281,-2.40915,0.928007,-0.908938,-0.677175,0.0486497,-0.932018,-0.646827,-0.00775447,[[17.265:[0.782387;-2.47687;0.932872]]+[17.365:[0.691493;-2.54459;0.937737]]+[17.465:[0.6006;-2.6123;0.942602]]+[17.565:[0.509706;-2.68002;0.947467]]+[17.665:[0.418812;-2.74774;0.952332]]+[17.765:[0.327918;-2.81546;0.957197]]+[17.865:[0.237024;-2.88317;0.962062]]+[17.965:[0.14613;-2.95089;0.966927]]+[18.065:[0.0552366;-3.01861;0.971792]]+],
17.268,0.828079,-2.45255,0,0.783479,-2.47251,0.931939,-0.91244,-0.598859,0.0267928,-0.942532,-0.550813,-0.0116584,[[17.364:[0.692235;-2.53239;0.934619]]+[17.464:[0.600991;-2.59228;0.937298]]+[17.564:[0.509747;-2.65216;0.939977]]+[17.664:[0.418503;-2.71205;0.942657]]+[17.764:[0.327259;-2.77194;0.945336]]+[17.864:[0.236015;-2.83182;0.948015]]+[17.964:[0.144771;-2.89171;0.950694]]+[18.064:[0.0535269;-2.95159;0.953374]]+[18.164:[-0.0377172;-3.01148;0.956053]]+],
17.368,0.745806,-2.50493,0,0.690793,-2.52919,0.933086,-0.923117,-0.526778,0.00854213,-0.949421,-0.477176,-0.0248044,[[17.465:[0.598481;-2.58187;0.93394]]+[17.565:[0.506169;-2.63455;0.934794]]+[17.665:[0.413858;-2.68722;0.935648]]+[17.765:[0.321546;-2.7399;0.936503]]+[17.865:[0.229234;-2.79258;0.937357]]+[17.965:[0.136923;-2.84526;0.938211]]+[18.065:[0.0446109;-2.89793;0.939065]]+[18.165:[-0.0477008;-2.95061;0.939919]]+[18.265:[-0.140012;-3.00329;0.940774]]+],
17.468,0.634757,-2.56512,0,0.603466,-2.57446,0.934752,-0.934614,-0.443384,0.0228154,-0.956538,-0.39409,-0.0184794,[[17.559:[0.510005;-2.6188;0.937033]]+[17.659:[0.416544;-2.66314;0.939315]]+[17.759:[0.323082;-2.70748;0.941596]]+[17.859:[0.229621;-2.75182;0.943878]]+[17.959:[0.13616;-2.79615;0.946159]]+[18.059:[0.0426982;-2.84049;0.948441]]+[18.159:[-0.0507631;-2.88483;0.950722]]+[18.259:[-0.144224;-2.92917;0.953004]]+[18.359:[-0.237686;-2.97351;0.955286]]+],
17.569,0.550358,-2.60143,0,0.503624,-2.61501,0.936008,-0.947134,-0.3348,0.00569206,-0.963358,-0.284184,-0.0191491,[[17.665:[0.40891;-2.64849;0.936577]]+[17.765:[0.314197;-2.68197;0.937146]]+[17.865:[0.219484;-2.71545;0.937715]]+[17.965:[0.12477;-2.74892;0.938284]]+[18.065:[0.0300569;-2.7824;0.938854]]+[18.165:[-0.0646565;-2.81589;0.939423]]+[18.265:[-0.15937;-2.84936;0.939992]]+[18.365:[-0.254083;-2.88284;0.940561]]+[18.465:[-0.348797;-2.91632;0.94113]]+],
17.67,0.455519,-2.63276,0,0.40828,-2.64332,0.936318,-0.957607,-0.239277,-0.00336111,-0.968817,-0.187447,-0.023081,[[17.765:[0.312519;-2.66725;0.935982]]+[17.865:[0.216759;-2.69118;0.935646]]+[17.965:[0.120998;-2.7151;0.93531]]+[18.065:[0.0252374;-2.73903;0.934974]]+[18.165:[-0.0705233;-2.76296;0.934638]]+[18.265:[-0.166284;-2.78689;0.934302]]+[18.365:[-0.262045;-2.81082;0.933966]]+[18.465:[-0.357805;-2.83474;0.93363]]+[18.565:[-0.453566;-2.85867;0.933293]]+],
17.768,0.359581,-2.65369,0,0.312731,-2.65973,0.936035,-0.971793,-0.104819,-0.0155435,-0.975947,-0.0511287,-0.0228819,[[17.864:[0.215551;-2.67021;0.934481]]+[17.964:[0.118372;-2.68069;0.932927]]+[18.064:[0.0211928;-2.69117;0.931372]]+[18.164:[-0.0759865;-2.70166;0.929818]]+[18.264:[-0.173166;-2.71214;0.928264]]+[18.364:[-0.270345;-2.72262;0.926709]]+[18.464:[-0.367525;-2.7331;0.925155]]+[18.564:[-0.464704;-2.74358;0.923601]]+[18.664:[-0.561883;-2.75406;0.922046]]+],
17.868,0.242374,-2.66121,0,0.214805,-2.66299,0.933933,-0.985413,0.0270127,-0.0286782,-0.982649,0.0814577,-0.0188918,[[17.964:[0.116264;-2.66029;0.931065]]+[18.064:[0.0177225;-2.65759;0.928198]]+[18.164:[-0.0808188;-2.65489;0.92533]]+[18.264:[-0.17936;-2.65219;0.922462]]+[18.364:[-0.277901;-2.64948;0.919594]]+[18.464:[-0.376443;-2.64678;0.916726]]+[18.564:[-0.474984;-2.64408;0.913859]]+[18.664:[-0.573525;-2.64138;0.910991]]+[18.764:[-0.672067;-2.63868;0.908123]]+],
17.973,0.152837,-2.65427,0,0.112253,-2.65265,0.929759,-1.00484,0.157725,-0.055798,-0.991391,0.233363,-0.0195324,[[18.067:[0.0117688;-2.63688;0.924179]]+[18.167:[-0.0887153;-2.62111;0.918599]]+[18.267:[-0.189199;-2.60534;0.91302]]+[18.367:[-0.289684;-2.58956;0.90744]]+[18.467:[-0.390168;-2.57379;0.90186]]+[18.567:[-0.490652;-2.55802;0.89628]]+[18.667:[-0.591136;-2.54225;0.8907]]+[18.767:[-0.69162;-2.52647;0.885121]]+[18.867:[-0.792104;-2.5107;0.879541]]+],
18.068,0.0515504,-2.63071,0,0.0139119,-2.62836,0.922417,-1.02085,0.337079,-0.0905198,-0.994846,0.416997,-0.0183884,[[18.164:[-0.0881726;-2.59465;0.913365]]+[18.264:[-0.190257;-2.56095;0.904313]]+[18.364:[-0.292342;-2.52724;0.895261]]+[18.464:[-0.394426;-2.49353;0.886209]]+[18.564:[-0.496511;-2.45982;0.877157]]+[18.664:[-0.598595;-2.42612;0.868105]]+[18.764:[-0.70068;-2.39241;0.859053]]+[18.864:[-0.802765;-2.3587;0.850002]]+[18.964:[-0.904849;-2.32499;0.84095]]+],
18.168,-0.0616422,-2.58417,0,-0.0899296,-2.58466,0.912713,-1.03363,0.507679,-0.100356,-0.995703,0.586882,-0.0188615,[[18.265:[-0.193293;-2.53389;0.902677]]+[18.365:[-0.296657;-2.48312;0.892642]]+[18.465:[-0.40002;-2.43235;0.882606]]+[18.565:[-0.503383;-2.38158;0.872571]]+[18.665:[-0.606747;-2.33082;0.862535]]+[18.765:[-0.71011;-2.28005;0.852499]]+[18.865:[-0.813474;-2.22928;0.842464]]+[18.965:[-0.916837;-2.17851;0.832428]]+[19.065:[-1.0202;-2.12774;0.822393]]+],
18.269,-0.165883,-2.52616,0,-0.193806,-2.52604,0.903004,-1.04268,0.642902,-0.0889009,-0.995289,0.71945,-0.0137734,[[18.365:[-0.298073;-2.46175;0.894114]]+[18.465:[-0.402341;-2.39746;0.885224]]+[18.565:[-0.506608;-2.33317;0.876334]]+[18.665:[-0.610876;-2.26888;0.867444]]+[18.765:[-0.715143;-2.20459;0.858553]]+[18.865:[-0.819411;-2.1403;0.849663]]+[18.965:[-0.923678;-2.07601;0.840773]]+[19.065:[-1.02795;-2.01172;0.831883]]+[19.165:[-1.13221;-1.94743;0.822993]]+],
18.368,-0.271152,-2.45747,0,-0.298505,-2.45648,0.895203,-1.0499,0.732655,-0.0755416,-0.996236,0.807419,-0.0192659,[[18.465:[-0.403496;-2.38321;0.887648]]+[18.565:[-0.508486;-2.30995;0.880094]]+[18.665:[-0.613476;-2.23668;0.87254]]+[18.765:[-0.718466;-2.16341;0.864986]]+[18.865:[-0.823456;-2.09015;0.857432]]+[18.965:[-0.928446;-2.01688;0.849878]]+[19.065:[-1.03344;-1.94362;0.842323]]+[19.165:[-1.13843;-1.87035;0.834769]]+[19.265:[-1.24342;-1.79709;0.827215]]+],
18.468,-0.35565,-2.39714,0,-0.40333,-2.37956,0.889319,-1.04701,0.796591,-0.04692,-0.988896,0.868796,-0.0166096,[[18.565:[-0.508031;-2.2999;0.884627]]+[18.665:[-0.612733;-2.22024;0.879935]]+[18.765:[-0.717434;-2.14058;0.875243]]+[18.865:[-0.822135;-2.06092;0.870551]]+[18.965:[-0.926837;-1.98127;0.865859]]+[19.065:[-1.03154;-1.90161;0.861167]]+[19.165:[-1.13624;-1.82195;0.856475]]+[19.265:[-1.24094;-1.74229;0.851783]]+[19.365:[-1.34564;-1.66263;0.847091]]+],
18.568,-0.461323,-2.31728,0,-0.508105,-2.29756,0.885814,-1.04914,0.835551,-0.0326967,-0.988295,0.907132,-0.0168676,[[18.665:[-0.613019;-2.21401;0.882544]]+[18.765:[-0.717932;-2.13045;0.879274]]+[18.865:[-0.822846;-2.0469;0.876005]]+[18.965:[-0.927759;-1.96334;0.872735]]+[19.065:[-1.03267;-1.87979;0.869465]]+[19.165:[-1.13759;-1.79623;0.866196]]+[19.265:[-1.2425;-1.71268;0.862926]]+[19.365:[-1.34741;-1.62912;0.859656]]+[19.465:[-1.45233;-1.54557;0.856387]]+],
18.668,-0.588936,-2.21764,0,-0.613377,-2.21273,0.88393,-1.05563,0.855484,-0.0207269,-0.993384,0.927037,-0.0207269,[[18.765:[-0.71894;-2.12718;0.881858]]+[18.865:[-0.824504;-2.04163;0.879785]]+[18.965:[-0.930067;-1.95609;0.877712]]+[19.065:[-1.03563;-1.87054;0.875639]]+[19.165:[-1.14119;-1.78499;0.873567]]+[19.265:[-1.24676;-1.69944;0.871494]]+[19.365:[-1.35232;-1.61389;0.869421]]+[19.465:[-1.45788;-1.52834;0.867349]]+[19.565:[-1.56345;-1.4428;0.865276]]+],
18.768,-0.674508,-2.15015,0,-0.719186,-2.12669,0.882311,-1.07282,0.850656,-0.0166437,-0.994596,0.940921,-0.0166437,[[18.865:[-0.826468;-2.04162;0.880647]]+[18.965:[-0.93375;-1.95656;0.878982]]+[19.065:[-1.04103;-1.87149;0.877318]]+[19.165:[-1.14831;-1.78643;0.875653]]+[19.265:[-1.2556;-1.70136;0.873989]]+[19.365:[-1.36288;-1.6163;0.872325]]+[19.465:[-1.47016;-1.53123;0.87066]]+[19.565:[-1.57744;-1.44616;0.868996]]+[19.665:[-1.68472;-1.3611;0.867332]]+],
18.868,-0.782005,-2.06491,0,-0.823552,-2.04379,0.880094,-1.08029,0.859419,-0.0209417,-1.00127,0.950302,-0.0209417,[[18.962:[-0.931581;-1.95784;0.877999]]+[19.062:[-1.03961;-1.8719;0.875905]]+[19.162:[-1.14764;-1.78596;0.873811]]+[19.262:[-1.25567;-1.70002;0.871717]]+[19.362:[-1.3637;-1.61408;0.869623]]+[19.462:[-1.47172;-1.52813;0.867529]]+[19.562:[-1.57975;-1.44219;0.865434]]+[19.662:[-1.68778;-1.35625;0.86334]]+[19.762:[-1.79581;-1.27031;0.861246]]+],
18.968,-0.899961,-1.97003,0,-0.930771,-1.95621,0.883809,-1.0111,0.876953,0.115414,-0.937821,0.961739,-0.0152542,[[19.063:[-1.03188;-1.86852;0.89535]]+[19.163:[-1.13299;-1.78082;0.906892]]+[19.263:[-1.2341;-1.69312;0.918433]]+[19.363:[-1.33521;-1.60543;0.929974]]+[19.463:[-1.43632;-1.51773;0.941516]]+[19.563:[-1.53743;-1.43004;0.953057]]+[19.663:[-1.63854;-1.34234;0.964599]]+[19.763:[-1.73965;-1.25465;0.97614]]+[19.863:[-1.84076;-1.16695;0.987681]]+],
19.068,-0.99483,-1.88203,0,-1.02327,-1.86555,0.897712,-0.804801,0.900464,0.145895,-0.73754,0.967181,-0.0205423,[[19.165:[-1.10375;-1.7755;0.912301]]+[19.265:[-1.18423;-1.68545;0.926891]]+[19.365:[-1.26471;-1.59541;0.94148]]+[19.465:[-1.34519;-1.50536;0.95607]]+[19.565:[-1.42567;-1.41531;0.970659]]+[19.665:[-1.50615;-1.32527;0.985249]]+[19.765:[-1.58663;-1.23522;0.999838]]+[19.865:[-1.66711;-1.14518;1.01443]]+[19.965:[-1.74759;-1.05513;1.02902]]+],
19.169,-1.07375,-1.78257,0,-1.08971,-1.77702,0.909647,-0.569268,0.923774,0.0985281,-0.496282,0.969873,-0.0134559,[[19.262:[-1.14664;-1.68464;0.9195]]+[19.362:[-1.20356;-1.59227;0.929353]]+[19.462:[-1.26049;-1.49989;0.939205]]+[19.562:[-1.31742;-1.40751;0.949058]]+[19.662:[-1.37434;-1.31514;0.958911]]+[19.762:[-1.43127;-1.22276;0.968764]]+[19.862:[-1.4882;-1.13038;0.978617]]+[19.962:[-1.54512;-1.038;0.988469]]+[20.062:[-1.60205;-0.945626;0.998322]]+],
19.268,-1.121,-1.68967,0,-1.1363,-1.68069,0.916784,-0.34697,0.946714,0.0394339,-0.265587,0.973352,-0.0161374,[[19.365:[-1.171;-1.58602;0.920727]]+[19.465:[-1.20569;-1.49135;0.92467]]+[19.565:[-1.24039;-1.39667;0.928614]]+[19.665:[-1.27509;-1.302;0.932557]]+[19.765:[-1.30978;-1.20733;0.936501]]+[19.865:[-1.34448;-1.11266;0.940444]]+[19.965:[-1.37918;-1.01799;0.944387]]+[20.065:[-1.41387;-0.923317;0.948331]]+[20.165:[-1.44857;-0.828646;0.952274]]+],
19.368,-1.14555,-1.60402,0,-1.16099,-1.58507,0.917958,-0.170683,0.960878,-0.00733545,-0.0669825,0.973455,-0.0192594,[[19.465:[-1.17806;-1.48898;0.917225]]+[19.565:[-1.19513;-1.39289;0.916491]]+[19.665:[-1.2122;-1.2968;0.915758]]+[19.765:[-1.22926;-1.20071;0.915024]]+[19.865:[-1.24633;-1.10463;0.914291]]+[19.965:[-1.2634;-1.00854;0.913557]]+[20.065:[-1.28047;-0.912451;0.912824]]+[20.165:[-1.29754;-0.816363;0.91209]]+[20.265:[-1.31461;-0.720275;0.911357]]+],
19.473,-1.15501,-1.49739,0,-1.16836,-1.48604,0.91545,0.0132659,0.980975,-0.0375839,0.120188,0.974214,-0.0190165,[[19.567:[-1.16703;-1.38795;0.911692]]+[19.667:[-1.16571;-1.28985;0.907933]]+[19.767:[-1.16438;-1.19175;0.904175]]+[19.867:[-1.16305;-1.09365;0.900416]]+[19.967:[-1.16173;-0.995557;0.896658]]+[20.067:[-1.1604;-0.897459;0.8929]]+[20.167:[-1.15907;-0.799362;0.889141]]+[20.267:[-1.15775;-0.701264;0.885383]]+[20.367:[-1.15642;-0.603167;0.881625]]+],
19.568,-1.14723,-1.4082,0,-1.15833,-1.38885,0.910222,0.170278,0.999538,-0.0564549,0.278664,0.976264,-0.0226633,[[19.665:[-1.1413;-1.2889;0.904576]]+[19.765:[-1.12428;-1.18894;0.898931]]+[19.865:[-1.10725;-1.08899;0.893285]]+[19.965:[-1.09022;-0.989034;0.88764]]+[20.065:[-1.07319;-0.88908;0.881994]]+[20.165:[-1.05617;-0.789126;0.876349]]+[20.265:[-1.03914;-0.689172;0.870703]]+[20.365:[-1.02211;-0.589219;0.865058]]+[20.465:[-1.00508;-0.489265;0.859412]]+],
19.668,-1.12243,-1.2972,0,-1.13465,-1.28804,0.904028,0.293557,1.01587,-0.0665272,0.40291,0.979624,-0.0245462,[[19.765:[-1.1053;-1.18645;0.897375]]+[19.865:[-1.07594;-1.08487;0.890722]]+[19.965:[-1.04658;-0.98328;0.88407]]+[20.065:[-1.01723;-0.881692;0.877417]]+[20.165:[-0.987873;-0.780105;0.870764]]+[20.265:[-0.958518;-0.678518;0.864111]]+[20.365:[-0.929162;-0.57693;0.857459]]+[20.465:[-0.899806;-0.475343;0.850806]]+[20.565:[-0.87045;-0.373755;0.844153]]+],
19.768,-1.09638,-1.21514,0,-1.10096,-1.1878,0.897911,0.386267,1.02993,-0.0685133,0.495907,0.983911,-0.0253887,[[19.863:[-1.06233;-1.08481;0.89106]]+[19.963:[-1.02371;-0.981818;0.884208]]+[20.063:[-0.98508;-0.878825;0.877357]]+[20.163:[-0.946453;-0.775832;0.870506]]+[20.263:[-0.907826;-0.672839;0.863654]]+[20.363:[-0.8692;-0.569846;0.856803]]+[20.463:[-0.830573;-0.466853;0.849952]]+[20.563:[-0.791946;-0.36386;0.8431]]+[20.663:[-0.75332;-0.260867;0.836249]]+],
19.868,-1.05574,-1.1112,0,-1.05635,-1.0822,0.890824,0.485572,1.03831,-0.0787401,0.596057,0.981862,-0.0268927,[[19.965:[-1.0078;-0.97837;0.88295]]+[20.065:[-0.95924;-0.87454;0.875076]]+[20.165:[-0.910682;-0.770709;0.867202]]+[20.265:[-0.862125;-0.666879;0.859328]]+[20.365:[-0.813568;-0.563048;0.851454]]+[20.465:[-0.765011;-0.459217;0.84358]]+[20.565:[-0.716453;-0.355387;0.835706]]+[20.665:[-0.667896;-0.251556;0.827832]]+[20.765:[-0.619339;-0.147726;0.819958]]+],
19.969,-0.994015,-0.985511,0,-1.0046,-0.98249,0.883558,0.581429,1.03935,-0.0868454,0.691842,0.972885,-0.0266488,[[20.061:[-0.946454;-0.878555;0.874873]]+[20.161:[-0.888311;-0.774619;0.866189]]+[20.261:[-0.830168;-0.670684;0.857504]]+[20.361:[-0.772025;-0.566748;0.848819]]+[20.461:[-0.713882;-0.462813;0.840135]]+[20.561:[-0.655739;-0.358877;0.83145]]+[20.661:[-0.597596;-0.254942;0.822766]]+[20.761:[-0.539453;-0.151006;0.814081]]+[20.861:[-0.48131;-0.0470708;0.805397]]+],
20.068,-0.932997,-0.880638,0,-0.939599,-0.874525,0.87654,0.662093,1.037,-0.0675587,0.769706,0.962112,-0.0139006,[[20.165:[-0.87339;-0.770825;0.869785]]+[20.265:[-0.80718;-0.667125;0.863029]]+[20.365:[-0.740971;-0.563425;0.856273]]+[20.465:[-0.674762;-0.459725;0.849517]]+[20.565:[-0.608553;-0.356025;0.842761]]+[20.665:[-0.542343;-0.252325;0.836005]]+[20.765:[-0.476134;-0.148625;0.829249]]+[20.865:[-0.409925;-0.0449248;0.822493]]+[20.965:[-0.343716;0.0587753;0.815738]]+],
20.169,-0.865081,-0.775917,0,-0.871526,-0.769893,0.87158,0.707493,1.04594,-0.034102,0.830372,0.951918,-0.00512562,[[20.265:[-0.800776;-0.665299;0.868169]]+[20.365:[-0.730027;-0.560706;0.864759]]+[20.465:[-0.659278;-0.456112;0.861349]]+[20.565:[-0.588529;-0.351518;0.857939]]+[20.665:[-0.517779;-0.246925;0.854529]]+[20.765:[-0.44703;-0.142331;0.851118]]+[20.865:[-0.376281;-0.0377377;0.847708]]+[20.965:[-0.305531;0.0668559;0.844298]]+[21.065:[-0.234782;0.171449;0.840888]]+],
20.268,-0.799428,-0.682069,0,-0.797919,-0.667544,0.870216,0.770533,1.02041,-0.00797916,0.87272,0.93453,0.0061832,[[20.364:[-0.720866;-0.565503;0.869418]]+[20.464:[-0.643813;-0.463461;0.86862]]+[20.564:[-0.56676;-0.36142;0.867822]]+[20.664:[-0.489706;-0.259379;0.867024]]+[20.764:[-0.412653;-0.157338;0.866226]]+[20.864:[-0.3356;-0.0552966;0.865428]]+[20.964:[-0.258547;0.0467446;0.86463]]+[21.064:[-0.181493;0.148786;0.863832]]+[21.164:[-0.10444;0.250827;0.863034]]+],
20.368,-0.722705,-0.579815,0,-0.718234,-0.566079,0.872067,0.805219,0.984811,0.0411325,0.902893,0.896999,0.00996723,[[20.465:[-0.637713;-0.467598;0.87618]]+[20.565:[-0.557191;-0.369117;0.880293]]+[20.665:[-0.476669;-0.270636;0.884406]]+[20.765:[-0.396147;-0.172154;0.88852]]+[20.865:[-0.315625;-0.0736733;0.892633]]+[20.965:[-0.235103;0.0248078;0.896746]]+[21.065:[-0.154581;0.123289;0.900859]]+[21.165:[-0.0740593;0.22177;0.904973]]+[21.265:[0.00646259;0.320251;0.909086]]+],
20.468,-0.634217,-0.472861,0,-0.635941,-0.470807,0.87642,0.837662,0.922517,0.0498161,0.928492,0.832488,0.00797858,[[20.565:[-0.552175;-0.378556;0.881402]]+[20.665:[-0.468408;-0.286304;0.886383]]+[20.765:[-0.384642;-0.194052;0.891365]]+[20.865:[-0.300876;-0.101801;0.896347]]+[20.965:[-0.21711;-0.00954904;0.901328]]+[21.065:[-0.133344;0.0827026;0.90631]]+[21.165:[-0.0495773;0.174954;0.911291]]+[21.265:[0.0341889;0.267206;0.916273]]+[21.365:[0.117955;0.359458;0.921255]]+],
20.568,-0.550517,-0.382385,0,-0.552597,-0.383477,0.879885,0.862123,0.862655,0.0287464,0.946926,0.769131,0.00503319,[[20.663:[-0.466385;-0.297212;0.882759]]+[20.763:[-0.380172;-0.210946;0.885634]]+[20.863:[-0.29396;-0.124681;0.888509]]+[20.963:[-0.207748;-0.0384151;0.891383]]+[21.063:[-0.121535;0.0478504;0.894258]]+[21.163:[-0.0353231;0.134116;0.897133]]+[21.263:[0.0508892;0.220381;0.900007]]+[21.363:[0.137102;0.306647;0.902882]]+[21.463:[0.223314;0.392913;0.905757]]+],
20.668,-0.473175,-0.305683,0,-0.464591,-0.298938,0.883846,0.87921,0.815643,0.0365372,0.959652,0.720109,0.0114127,[[20.764:[-0.37667;-0.217374;0.8875]]+[20.864:[-0.288749;-0.135809;0.891153]]+[20.964:[-0.200828;-0.0542451;0.894807]]+[21.064:[-0.112907;0.0273192;0.898461]]+[21.164:[-0.0249856;0.108884;0.902114]]+[21.264:[0.0629354;0.190448;0.905768]]+[21.364:[0.150856;0.272012;0.909422]]+[21.464:[0.238778;0.353576;0.913076]]+[21.564:[0.326699;0.435141;0.916729]]+],
20.768,-0.376718,-0.216799,0,-0.375064,-0.21861,0.887918,0.892251,0.778272,0.0298631,0.968715,0.68116,0.017978,[[20.865:[-0.285839;-0.140783;0.890904]]+[20.965:[-0.196614;-0.0629561;0.89389]]+[21.065:[-0.107389;0.0148711;0.896877]]+[21.165:[-0.0181636;0.0926984;0.899863]]+[21.265:[0.0710615;0.170526;0.902849]]+[21.365:[0.160287;0.248353;0.905836]]+[21.465:[0.249512;0.32618;0.908822]]+[21.565:[0.338737;0.404007;0.911808]]+[21.665:[0.427962;0.481834;0.914795]]+],
20.868,-0.296953,-0.147057,0,-0.288309,-0.144496,0.890899,0.896509,0.753398,0.0291068,0.97035,0.655968,0.0176613,[[20.962:[-0.198658;-0.0691557;0.89381]]+[21.062:[-0.109007;0.00618404;0.89672]]+[21.162:[-0.0193565;0.0815238;0.899631]]+[21.262:[0.0702945;0.156864;0.902542]]+[21.362:[0.159945;0.232203;0.905452]]+[21.462:[0.249596;0.307543;0.908363]]+[21.562:[0.339247;0.382883;0.911274]]+[21.662:[0.428898;0.458223;0.914185]]+[21.762:[0.518549;0.533562;0.917095]]+],
20.968,-0.216888,-0.0789427,0,-0.195831,-0.0677441,0.893736,0.898343,0.739049,0.030296,0.970673,0.641529,0.0191027,[[21.065:[-0.105997;0.00616077;0.896765]]+[21.165:[-0.0161623;0.0800656;0.899795]]+[21.265:[0.073672;0.153971;0.902824]]+[21.365:[0.163506;0.227875;0.905854]]+[21.465:[0.253341;0.30178;0.908884]]+[21.565:[0.343175;0.375685;0.911913]]+[21.665:[0.433009;0.44959;0.914943]]+[21.765:[0.522843;0.523495;0.917972]]+[21.865:[0.612678;0.5974;0.921002]]+],
21.068,-0.109833,0.010161,0,-0.105986,0.00559907,0.895393,0.899581,0.727934,0.0150391,0.970743,0.629915,0.0150391,[[21.165:[-0.016028;0.0783925;0.896897]]+[21.265:[0.0739301;0.151186;0.898401]]+[21.365:[0.163888;0.223979;0.899905]]+[21.465:[0.253846;0.296773;0.901409]]+[21.565:[0.343804;0.369566;0.902913]]+[21.665:[0.433762;0.44236;0.904417]]+[21.765:[0.523721;0.515153;0.905921]]+[21.865:[0.613679;0.587946;0.907425]]+[21.965:[0.703637;0.66074;0.908928]]+],
21.169,-0.0291342,0.0758162,0,-0.0193478,0.074929,0.897545,0.907698,0.716046,0.0229292,0.977572,0.617243,0.0229292,[[21.261:[0.0714219;0.146534;0.899838]]+[21.361:[0.162192;0.218138;0.902131]]+[21.461:[0.252961;0.289743;0.904424]]+[21.561:[0.343731;0.361347;0.906717]]+[21.661:[0.434501;0.432952;0.90901]]+[21.761:[0.525271;0.504556;0.911303]]+[21.861:[0.61604;0.576161;0.913596]]+[21.961:[0.70681;0.647766;0.915889]]+[22.061:[0.79758;0.71937;0.918182]]+],
21.268,0.0616107,0.147725,0,0.0720756,0.146052,0.89962,0.919197,0.70981,0.0228349,0.988357,0.609839,0.0228349,[[21.361:[0.163995;0.217033;0.901903]]+[21.461:[0.255915;0.288014;0.904186]]+[21.561:[0.347835;0.358995;0.90647]]+[21.661:[0.439755;0.429976;0.908753]]+[21.761:[0.531674;0.500957;0.911037]]+[21.861:[0.623594;0.571938;0.91332]]+[21.961:[0.715514;0.642919;0.915604]]+[22.061:[0.807433;0.713901;0.917887]]+[22.161:[0.899353;0.784881;0.920171]]+],
21.369,0.144037,0.212312,0,0.167919,0.220108,0.9018,0.92262,0.715615,0.0210135,0.992368,0.615254,0.0210135,[[21.465:[0.260181;0.291669;0.903901]]+[21.565:[0.352443;0.363231;0.906003]]+[21.665:[0.444705;0.434792;0.908104]]+[21.765:[0.536967;0.506354;0.910205]]+[21.865:[0.629229;0.577915;0.912307]]+[21.965:[0.721491;0.649477;0.914408]]+[22.065:[0.813753;0.721038;0.916509]]+[22.165:[0.906015;0.792599;0.918611]]+[22.265:[0.998277;0.864161;0.920712]]+],
21.469,0.25437,0.299152,0,0.2595,0.291145,0.90288,0.9266,0.71815,0.0111017,0.996591,0.617359,0.0111017,[[21.564:[0.35216;0.36296;0.903991]]+[21.664:[0.44482;0.434775;0.905101]]+[21.764:[0.53748;0.50659;0.906211]]+[21.864:[0.63014;0.578405;0.907321]]+[21.964:[0.7228;0.65022;0.908431]]+[22.064:[0.81546;0.722035;0.909541]]+[22.164:[0.90812;0.79385;0.910652]]+[22.264:[1.00078;0.865665;0.911762]]+[22.364:[1.09344;0.93748;0.912872]]+],
21.569,0.346649,0.371475,0,0.353123,0.363639,0.904311,0.927091,0.71652,0.0147061,0.996909,0.615688,0.0147061,[[21.665:[0.445832;0.435291;0.905781]]+[21.765:[0.538541;0.506943;0.907252]]+[21.865:[0.631251;0.578595;0.908723]]+[21.965:[0.72396;0.650247;0.910193]]+[22.065:[0.816669;0.721899;0.911664]]+[22.165:[0.909378;0.793551;0.913134]]+[22.265:[1.00209;0.865203;0.914605]]+[22.365:[1.0948;0.936855;0.916076]]+[22.465:[1.18751;1.00851;0.917546]]+],
21.668,0.439168,0.443475,0,0.445048,0.434499,0.905609,0.929782,0.715979,0.0186776,0.999529,0.614868,0.0186776,[[21.764:[0.538027;0.506097;0.907476]]+[21.864:[0.631005;0.577695;0.909344]]+[21.964:[0.723983;0.649293;0.911212]]+[22.064:[0.816961;0.72089;0.91308]]+[22.164:[0.909939;0.792488;0.914948]]+[22.264:[1.00292;0.864086;0.916815]]+[22.364:[1.0959;0.935684;0.918683]]+[22.464:[1.18887;1.00728;0.920551]]+[22.564:[1.28185;1.07888;0.922419]]+],
21.768,0.523009,0.508235,0,0.53954,0.506761,0.907928,0.948244,0.707248,0.0245543,1.00628,0.621911,0.0245543,[[21.865:[0.634364;0.577485;0.910384]]+[21.965:[0.729189;0.64821;0.912839]]+[22.065:[0.824013;0.718935;0.915295]]+[22.165:[0.918837;0.78966;0.91775]]+[22.265:[1.01366;0.860384;0.920205]]+[22.365:[1.10849;0.931109;0.922661]]+[22.465:[1.20331;1.00183;0.925116]]+[22.565:[1.29814;1.07256;0.927572]]+[22.665:[1.39296;1.14328;0.930027]]+],
21.868,0.617012,0.580581,0,0.6348,0.577624,0.910158,0.9567,0.71026,0.0232559,1.01496,0.624175,0.0232559,[[21.965:[0.73047;0.64865;0.912484]]+[22.065:[0.82614;0.719676;0.91481]]+[22.165:[0.92181;0.790702;0.917135]]+[22.265:[1.01748;0.861728;0.919461]]+[22.365:[1.11315;0.932754;0.921786]]+[22.465:[1.20882;1.00378;0.924112]]+[22.565:[1.30449;1.07481;0.926438]]+[22.665:[1.40016;1.14583;0.928763]]+[22.765:[1.49583;1.21686;0.931089]]+],
21.968,0.721543,0.661395,0,0.729944,0.649273,0.910712,0.963928,0.741971,-0.00455047,1.02493,0.654896,0.0183162,[[22.064:[0.826337;0.72347;0.910257]]+[22.164:[0.92273;0.797667;0.909802]]+[22.264:[1.01912;0.871864;0.909347]]+[22.364:[1.11552;0.946062;0.908892]]+[22.464:[1.21191;1.02026;0.908437]]+[22.564:[1.3083;1.09446;0.907982]]+[22.664:[1.40469;1.16865;0.907527]]+[22.764:[1.50109;1.24285;0.907072]]+[22.864:[1.59748;1.31705;0.906617]]+],
22.068,0.797929,0.723554,0,0.826403,0.726378,0.909527,0.964473,0.800034,-0.0143478,1.03053,0.712704,0.0229837,[[22.164:[0.92285;0.806381;0.908092]]+[22.264:[1.0193;0.886385;0.906657]]+[22.364:[1.11574;0.966388;0.905223]]+[22.464:[1.21219;1.04639;0.903788]]+[22.564:[1.30864;1.12639;0.902353]]+[22.664:[1.40509;1.2064;0.900918]]+[22.764:[1.50153;1.2864;0.899483]]+[22.864:[1.59798;1.36641;0.898049]]+[22.964:[1.69443;1.44641;0.896614]]+],
22.169,0.893244,0.80665,0,0.921772,0.808659,0.90768,0.960741,0.86267,-0.0173031,1.03227,0.775495,0.0233151,[[22.263:[1.01785;0.894926;0.90595]]+[22.363:[1.11392;0.981193;0.90422]]+[22.463:[1.20999;1.06746;0.902489]]+[22.563:[1.30607;1.15373;0.900759]]+[22.663:[1.40214;1.23999;0.899029]]+[22.763:[1.49822;1.32626;0.897298]]+[22.863:[1.59429;1.41253;0.895568]]+[22.963:[1.69036;1.4988;0.893838]]+[23.063:[1.78644;1.58506;0.892107]]+],
22.269,1.00592,0.914634,0,1.01477,0.89624,0.906122,0.931836,0.920367,0.00632909,1.00811,0.836015,0.014903,[[22.361:[1.10795;0.988277;0.906755]]+[22.461:[1.20113;1.08031;0.907387]]+[22.561:[1.29432;1.17235;0.90802]]+[22.661:[1.3875;1.26439;0.908653]]+[22.761:[1.48069;1.35642;0.909286]]+[22.861:[1.57387;1.44846;0.909919]]+[22.961:[1.66705;1.5405;0.910552]]+[23.061:[1.76024;1.63253;0.911185]]+[23.161:[1.85342;1.72457;0.911818]]+],
22.37,1.07709,0.990847,0,1.10674,0.994856,0.911647,0.822496,0.973045,0.0978714,0.924773,0.881724,0.0158399,[[22.465:[1.18899;1.09216;0.921434]]+[22.565:[1.27124;1.18947;0.931222]]+[22.665:[1.35349;1.28677;0.941009]]+[22.765:[1.43574;1.38407;0.950796]]+[22.865:[1.51799;1.48138;0.960583]]+[22.965:[1.60024;1.57868;0.97037]]+[23.065:[1.68249;1.67599;0.980157]]+[23.165:[1.76474;1.77329;0.989944]]+[23.265:[1.84699;1.8706;0.999732]]+],
22.468,1.15514,1.08909,0,1.17631,1.08742,0.92221,0.645502,0.991894,0.142292,0.759098,0.918892,0.0134409,[[22.559:[1.24087;1.18661;0.93644]]+[22.659:[1.30542;1.2858;0.950669]]+[22.759:[1.36997;1.38499;0.964898]]+[22.859:[1.43452;1.48418;0.979127]]+[22.959:[1.49907;1.58337;0.993357]]+[23.059:[1.56362;1.68256;1.00759]]+[23.159:[1.62817;1.78175;1.02182]]+[23.259:[1.69272;1.88094;1.03604]]+[23.359:[1.75727;1.98012;1.05027]]+],
22.569,1.21496,1.1887,0,1.23507,1.19242,0.934409,0.472561,0.989324,0.0987223,0.565669,0.944221,0.0169841,[[22.665:[1.28232;1.29135;0.944281]]+[22.765:[1.32958;1.39028;0.954154]]+[22.865:[1.37683;1.48922;0.964026]]+[22.965:[1.42409;1.58815;0.973898]]+[23.065:[1.47135;1.68708;0.98377]]+[23.165:[1.5186;1.78601;0.993643]]+[23.265:[1.56586;1.88494;1.00351]]+[23.365:[1.61311;1.98388;1.01339]]+[23.465:[1.66037;2.08281;1.02326]]+],
22.668,1.25901,1.29824,0,1.2722,1.29133,0.943593,0.286961,0.988312,0.0768959,0.379708,0.959541,0.0111295,[[22.765:[1.30089;1.39016;0.951283]]+[22.865:[1.32959;1.489;0.958972]]+[22.965:[1.35828;1.58783;0.966662]]+[23.065:[1.38698;1.68666;0.974352]]+[23.165:[1.41568;1.78549;0.982041]]+[23.265:[1.44437;1.88432;0.989731]]+[23.365:[1.47307;1.98315;0.99742]]+[23.465:[1.50176;2.08198;1.00511]]+[23.565:[1.53046;2.18081;1.0128]]+],
22.773,1.28125,1.41676,0,1.28979,1.38586,0.949995,0.0927142,0.980214,0.0516475,0.184381,0.968403,0.0167741,[[22.861:[1.29906;1.48388;0.95516]]+[22.961:[1.30833;1.5819;0.960325]]+[23.061:[1.3176;1.67992;0.965489]]+[23.161:[1.32688;1.77794;0.970654]]+[23.261:[1.33615;1.87596;0.975819]]+[23.361:[1.34542;1.97398;0.980984]]+[23.461:[1.35469;2.07201;0.986148]]+[23.561:[1.36396;2.17003;0.991313]]+[23.661:[1.37323;2.26805;0.996478]]+],
22.869,1.27929,1.50448,0,1.28897,1.4814,0.953704,-0.107617,0.969746,0.019563,-0.0185392,0.975435,0.0235328,[[22.959:[1.2782;1.57837;0.955661]]+[23.059:[1.26744;1.67535;0.957617]]+[23.159:[1.25668;1.77232;0.959573]]+[23.259:[1.24592;1.8693;0.96153]]+[23.359:[1.23516;1.96627;0.963486]]+[23.459:[1.2244;2.06324;0.965442]]+[23.559:[1.21363;2.16022;0.967399]]+[23.659:[1.20287;2.25719;0.969355]]+[23.759:[1.19211;2.35417;0.971311]]+],
22.968,1.26151,1.59112,0,1.26805,1.58255,0.953867,-0.292483,0.956077,-0.0118663,-0.206942,0.97793,0.0244401,[[23.064:[1.2388;1.67816;0.952681]]+[23.164:[1.20955;1.77377;0.951494]]+[23.264:[1.1803;1.86938;0.950307]]+[23.364:[1.15105;1.96498;0.949121]]+[23.464:[1.1218;2.06059;0.947934]]+[23.564:[1.09256;2.1562;0.946747]]+[23.664:[1.06331;2.25181;0.945561]]+[23.764:[1.03406;2.34741;0.944374]]+[23.864:[1.00481;2.44302;0.943188]]+],
23.068,1.22863,1.67636,0,1.22945,1.6763,0.951085,-0.474895,0.938692,-0.0420666,-0.392636,0.97651,0.0265168,[[23.163:[1.18196;1.77017;0.946878]]+[23.263:[1.13448;1.86404;0.942672]]+[23.363:[1.08699;1.95791;0.938465]]+[23.463:[1.0395;2.05178;0.934258]]+[23.563:[0.992007;2.14565;0.930052]]+[23.663:[0.944517;2.23952;0.925845]]+[23.763:[0.897028;2.33339;0.921638]]+[23.863:[0.849538;2.42725;0.917432]]+[23.963:[0.802049;2.52112;0.913225]]+],
23.168,1.16292,1.78799,0,1.17211,1.77141,0.94632,-0.628865,0.92796,-0.045535,-0.547077,0.979238,0.0212956,[[23.265:[1.10922;1.8642;0.941767]]+[23.365:[1.04634;1.957;0.937213]]+[23.465:[0.983449;2.04979;0.93266]]+[23.565:[0.920563;2.14259;0.928106]]+[23.665:[0.857676;2.23539;0.923553]]+[23.765:[0.79479;2.32818;0.918999]]+[23.865:[0.731903;2.42098;0.914446]]+[23.965:[0.669017;2.51377;0.909892]]+[24.065:[0.606131;2.60657;0.905339]]+],
23.268,1.10053,1.87077,0,1.1027,1.86385,0.941641,-0.745749,0.920535,-0.0536634,-0.664661,0.982029,0.0158997,[[23.365:[1.02813;1.9559;0.936274]]+[23.465:[0.953552;2.04796;0.930908]]+[23.565:[0.878977;2.14001;0.925542]]+[23.665:[0.804403;2.23206;0.920175]]+[23.765:[0.729828;2.32412;0.914809]]+[23.865:[0.655253;2.41617;0.909443]]+[23.965:[0.580678;2.50822;0.904076]]+[24.065:[0.506103;2.60028;0.89871]]+[24.165:[0.431528;2.69233;0.893344]]+],
23.368,1.01282,1.97088,0,1.02265,1.95515,0.939532,-0.837214,0.899071,-0.00230198,-0.753989,0.969788,0.0165814,[[23.465:[0.938933;2.04505;0.939302]]+[23.565:[0.855211;2.13496;0.939072]]+[23.665:[0.77149;2.22487;0.938842]]+[23.765:[0.687769;2.31477;0.938611]]+[23.865:[0.604047;2.40468;0.938381]]+[23.965:[0.520326;2.49459;0.938151]]+[24.065:[0.436604;2.5845;0.937921]]+[24.165:[0.352883;2.6744;0.937691]]+[24.265:[0.269161;2.76431;0.93746]]+],
23.47,0.934786,2.04827,0,0.93669,2.03969,0.944824,-0.890423,0.801373,0.0885787,-0.813601,0.883365,0.0248437,[[23.564:[0.847647;2.11983;0.953682]]+[23.664:[0.758605;2.19996;0.96254]]+[23.764:[0.669563;2.2801;0.971398]]+[23.864:[0.580521;2.36024;0.980256]]+[23.964:[0.491478;2.44038;0.989114]]+[24.064:[0.402436;2.52051;0.997971]]+[24.164:[0.313394;2.60065;1.00683]]+[24.264:[0.224351;2.68079;1.01569]]+[24.364:[0.135309;2.76093;1.02455]]+],
23.568,0.853917,2.11712,0,0.846502,2.113,0.954346,-0.899743,0.690066,0.102318,-0.8475,0.759823,0.0247117,[[23.664:[0.756528;2.18201;0.964578]]+[23.764:[0.666554;2.25101;0.974809]]+[23.864:[0.576579;2.32002;0.985041]]+[23.964:[0.486605;2.38902;0.995273]]+[24.064:[0.396631;2.45803;1.0055]]+[24.164:[0.306656;2.52704;1.01574]]+[24.264:[0.216682;2.59604;1.02597]]+[24.364:[0.126708;2.66505;1.0362]]+[24.464:[0.0367333;2.73406;1.04643]]+],
23.668,0.753249,2.18762,0,0.754635,2.17618,0.962807,-0.917297,0.568404,0.0801298,-0.873881,0.637522,0.0289149,[[23.765:[0.662905;2.23302;0.97082]]+[23.865:[0.571175;2.28986;0.978833]]+[23.965:[0.479446;2.3467;0.986846]]+[24.065:[0.387716;2.40354;0.994859]]+[24.165:[0.295986;2.46038;1.00287]]+[24.265:[0.204257;2.51722;1.01088]]+[24.365:[0.112527;2.57406;1.0189]]+[24.465:[0.0207972;2.6309;1.02691]]+[24.565:[-0.0709325;2.68774;1.03492]]+],
23.768,0.651184,2.24378,0,0.662373,2.22686,0.970184,-0.925946,0.45328,0.0701607,-0.892072,0.52127,0.0157595,[[23.865:[0.569779;2.27218;0.9772]]+[23.965:[0.477184;2.31751;0.984216]]+[24.065:[0.384589;2.36284;0.991232]]+[24.165:[0.291995;2.40817;0.998248]]+[24.265:[0.1994;2.4535;1.00526]]+[24.365:[0.106805;2.49883;1.01228]]+[24.465:[0.0142107;2.54415;1.0193]]+[24.565:[-0.078384;2.58948;1.02631]]+[24.665:[-0.170979;2.63481;1.03333]]+],
23.868,0.557874,2.28187,0,0.569503,2.26528,0.976572,-0.929789,0.3204,0.0635217,-0.905175,0.389354,0.0161921,[[23.965:[0.476524;2.29732;0.982924]]+[24.065:[0.383545;2.32936;0.989277]]+[24.165:[0.290566;2.3614;0.995629]]+[24.265:[0.197587;2.39344;1.00198]]+[24.365:[0.104608;2.42548;1.00833]]+[24.465:[0.011629;2.45752;1.01469]]+[24.565:[-0.08135;2.48956;1.02104]]+[24.665:[-0.174329;2.5216;1.02739]]+[24.765:[-0.267308;2.55364;1.03374]]+],
23.968,0.483204,2.3032,0,0.476446,2.29107,0.982223,-0.931073,0.210535,0.0431332,-0.914119,0.277683,0.0190038,[[24.065:[0.383339;2.31212;0.986537]]+[24.165:[0.290232;2.33317;0.99085]]+[24.265:[0.197124;2.35423;0.995163]]+[24.365:[0.104017;2.37528;0.999476]]+[24.465:[0.0109097;2.39633;1.00379]]+[24.565:[-0.0821976;2.41739;1.0081]]+[24.665:[-0.175305;2.43844;1.01242]]+[24.765:[-0.268412;2.45949;1.01673]]+[24.865:[-0.36152;2.48055;1.02104]]+],
24.068,0.380741,2.3221,0,0.383538,2.30709,0.985702,-0.927521,0.122572,0.0286647,-0.916712,0.188518,0.0155522,[[24.165:[0.290786;2.31935;0.988568]]+[24.265:[0.198033;2.3316;0.991435]]+[24.365:[0.105281;2.34386;0.994301]]+[24.465:[0.0125292;2.35612;0.997167]]+[24.565:[-0.080223;2.36838;1.00003]]+[24.665:[-0.172975;2.38063;1.0029]]+[24.765:[-0.265727;2.39289;1.00577]]+[24.865:[-0.358479;2.40515;1.00863]]+[24.965:[-0.451232;2.41741;1.0115]]+],
24.168,0.278757,2.33174,0,0.290905,2.31562,0.988065,-0.925844,0.0547001,0.0256398,-0.919773,0.120329,0.0193688,[[24.265:[0.19832;2.32109;0.990629]]+[24.365:[0.105736;2.32656;0.993193]]+[24.465:[0.0131516;2.33203;0.995757]]+[24.565:[-0.0794328;2.3375;0.998321]]+[24.665:[-0.172017;2.34297;1.00089]]+[24.765:[-0.264602;2.34844;1.00345]]+[24.865:[-0.357186;2.35391;1.00601]]+[24.965:[-0.44977;2.35938;1.00858]]+[25.065:[-0.542355;2.36485;1.01114]]+],
24.268,0.204668,2.33374,0,0.198298,2.31768,0.991116,-0.926667,-0.0104651,0.0379252,-0.92514,0.056112,0.0350366,[[24.365:[0.105631;2.31663;0.994908]]+[24.465:[0.0129647;2.31558;0.998701]]+[24.565:[-0.079702;2.31454;1.00249]]+[24.665:[-0.172369;2.31349;1.00629]]+[24.765:[-0.265035;2.31244;1.01008]]+[24.865:[-0.357702;2.3114;1.01387]]+[24.965:[-0.450369;2.31035;1.01766]]+[25.065:[-0.543036;2.3093;1.02146]]+[25.165:[-0.635702;2.30826;1.02525]]+],
24.368,0.0934744,2.32979,0,0.105614,2.31433,0.994447,-0.927733,-0.0480488,0.0314919,-0.928976,0.00166958,0.0314528,[[24.465:[0.0128407;2.30953;0.997596]]+[24.565:[-0.0799326;2.30472;1.00075]]+[24.665:[-0.172706;2.29992;1.00389]]+[24.765:[-0.265479;2.29511;1.00704]]+[24.865:[-0.358253;2.29031;1.01019]]+[24.965:[-0.451026;2.2855;1.01334]]+[25.065:[-0.543799;2.2807;1.01649]]+[25.165:[-0.636572;2.27589;1.01964]]+[25.265:[-0.729346;2.27109;1.02279]]+],
24.47,0.00994282,2.32249,0,0.0136034,2.3073,0.997541,-0.930176,-0.0896854,0.0327079,-0.933595,-0.0397144,0.0341147,[[24.564:[-0.0794141;2.29833;1.00081]]+[24.664:[-0.172432;2.28936;1.00408]]+[24.764:[-0.265449;2.28039;1.00735]]+[24.864:[-0.358467;2.27142;1.01062]]+[24.964:[-0.451484;2.26245;1.01389]]+[25.064:[-0.544502;2.25348;1.01717]]+[25.164:[-0.637519;2.24452;1.02044]]+[25.264:[-0.730537;2.23555;1.02371]]+[25.364:[-0.823555;2.22658;1.02698]]+],
24.568,-0.0737109,2.31217,0,-0.080471,2.29629,1.00043,-0.932345,-0.125872,0.0311173,-0.937655,-0.0763493,0.0324548,[[24.665:[-0.173705;2.2837;1.00354]]+[24.765:[-0.26694;2.27111;1.00665]]+[24.865:[-0.360174;2.25852;1.00976]]+[24.965:[-0.453409;2.24594;1.01287]]+[25.065:[-0.546643;2.23335;1.01599]]+[25.165:[-0.639878;2.22076;1.0191]]+[25.265:[-0.733112;2.20818;1.02221]]+[25.365:[-0.826347;2.19559;1.02532]]+[25.465:[-0.919581;2.183;1.02843]]+],
24.672,-0.194621,2.2929,0,-0.175453,2.28162,1.00318,-0.930429,-0.157426,0.0275459,-0.937393,-0.108018,0.0294356,[[24.767:[-0.268496;2.26587;1.00594]]+[24.867:[-0.361538;2.25013;1.00869]]+[24.967:[-0.454581;2.23439;1.01144]]+[25.067:[-0.547624;2.21865;1.0142]]+[25.167:[-0.640667;2.2029;1.01695]]+[25.267:[-0.73371;2.18716;1.01971]]+[25.367:[-0.826753;2.17142;1.02246]]+[25.467:[-0.919796;2.15567;1.02522]]+[25.567:[-1.01284;2.13993;1.02797]]+],
24.768,-0.278414,2.27707,0,-0.266796,2.26494,1.00441,-0.934648,-0.180262,0.0135439,-0.942801,-0.130842,0.0158298,[[24.865:[-0.360261;2.24691;1.00577]]+[24.965:[-0.453726;2.22889;1.00712]]+[25.065:[-0.547191;2.21086;1.00848]]+[25.165:[-0.640655;2.19283;1.00983]]+[25.265:[-0.73412;2.17481;1.01119]]+[25.365:[-0.827585;2.15678;1.01254]]+[25.465:[-0.92105;2.13876;1.01389]]+[25.565:[-1.01451;2.12073;1.01525]]+[25.665:[-1.10798;2.1027;1.0166]]+],
24.868,-0.353307,2.26171,0,-0.355935,2.24717,1.00648,-0.942234,-0.191216,0.0236357,-0.950951,-0.141642,0.0236357,[[24.96:[-0.450159;2.22805;1.00885]]+[25.06:[-0.544382;2.20892;1.01121]]+[25.16:[-0.638606;2.1898;1.01357]]+[25.26:[-0.732829;2.17068;1.01594]]+[25.36:[-0.827053;2.15156;1.0183]]+[25.46:[-0.921276;2.13244;1.02066]]+[25.56:[-1.0155;2.11332;1.02303]]+[25.66:[-1.10972;2.09419;1.02539]]+[25.76:[-1.20395;2.07507;1.02775]]+],
24.968,-0.456851,2.23912,0,-0.453012,2.22585,1.00736,-0.942146,-0.235541,-0.00389111,-0.953182,-0.185542,0.0123268,[[25.063:[-0.547226;2.20229;1.00697]]+[25.163:[-0.641441;2.17874;1.00659]]+[25.263:[-0.735655;2.15518;1.0062]]+[25.363:[-0.82987;2.13163;1.00581]]+[25.463:[-0.924084;2.10808;1.00542]]+[25.563:[-1.0183;2.08452;1.00503]]+[25.663:[-1.11251;2.06097;1.00464]]+[25.763:[-1.20673;2.03741;1.00425]]+[25.863:[-1.30094;2.01386;1.00386]]+],
25.068,-0.560188,2.20623,0,-0.548875,2.19457,1.00507,-0.937387,-0.379141,-0.0460451,-0.955945,-0.332551,0.0118823,[[25.165:[-0.642614;2.15665;1.00047]]+[25.265:[-0.736353;2.11874;0.995862]]+[25.365:[-0.830091;2.08082;0.991257]]+[25.465:[-0.92383;2.04291;0.986653]]+[25.565:[-1.01757;2.005;0.982048]]+[25.665:[-1.11131;1.96708;0.977444]]+[25.765:[-1.20505;1.92917;0.972839]]+[25.865:[-1.29878;1.89125;0.968235]]+[25.965:[-1.39252;1.85334;0.96363]]+],
25.168,-0.634971,2.16992,0,-0.64275,2.14774,0.999169,-0.943218,-0.534674,-0.0680056,-0.961303,-0.505895,0.0112727,[[25.265:[-0.737072;2.09427;0.992369]]+[25.365:[-0.831394;2.0408;0.985568]]+[25.465:[-0.925716;1.98734;0.978768]]+[25.565:[-1.02004;1.93387;0.971967]]+[25.665:[-1.11436;1.8804;0.965167]]+[25.765:[-1.20868;1.82693;0.958366]]+[25.865:[-1.303;1.77347;0.951566]]+[25.965:[-1.39732;1.72;0.944765]]+[26.065:[-1.49165;1.66653;0.937964]]+],
25.268,-0.74737,2.09587,0,-0.737323,2.08552,0.991004,-0.953203,-0.683285,-0.0845671,-0.977796,-0.652988,0.0121573,[[25.365:[-0.832644;2.0172;0.982548]]+[25.465:[-0.927964;1.94887;0.974091]]+[25.565:[-1.02328;1.88054;0.965634]]+[25.665:[-1.1186;1.81221;0.957177]]+[25.765:[-1.21393;1.74388;0.948721]]+[25.865:[-1.30925;1.67555;0.940264]]+[25.965:[-1.40457;1.60722;0.931807]]+[26.065:[-1.49989;1.5389;0.923351]]+[26.165:[-1.59521;1.47057;0.914894]]+],
25.368,-0.82323,2.03593,0,-0.831545,2.01253,0.984239,-0.967954,-0.79304,-0.0426892,-0.995041,-0.759906,0.0103444,[[25.463:[-0.92834;1.93322;0.979971]]+[25.563:[-1.02514;1.85392;0.975702]]+[25.663:[-1.12193;1.77461;0.971433]]+[25.763:[-1.21873;1.69531;0.967164]]+[25.863:[-1.31552;1.61601;0.962895]]+[25.963:[-1.41232;1.5367;0.958626]]+[26.063:[-1.50911;1.4574;0.954357]]+[26.163:[-1.60591;1.37809;0.950088]]+[26.263:[-1.7027;1.29879;0.945819]]+],
25.468,-0.93812,1.93547,0,-0.929553,1.92849,0.980912,-0.969713,-0.859459,-0.0348538,-0.999117,-0.825787,0.008376,[[25.564:[-1.02652;1.84255;0.977426]]+[25.664:[-1.1235;1.7566;0.973941]]+[25.764:[-1.22047;1.67066;0.970455]]+[25.864:[-1.31744;1.58471;0.96697]]+[25.964:[-1.41441;1.49876;0.963485]]+[26.064:[-1.51138;1.41282;0.959999]]+[26.164:[-1.60835;1.32687;0.956514]]+[26.264:[-1.70532;1.24093;0.953029]]+[26.364:[-1.80229;1.15498;0.949543]]+],
25.568,-1.0235,1.85476,0,-1.02661,1.83914,0.9784,-0.950796,-0.905543,-0.0207873,-0.981308,-0.872602,-0.00747048,[[25.665:[-1.12169;1.74859;0.976321]]+[25.765:[-1.21677;1.65804;0.974242]]+[25.865:[-1.31185;1.56748;0.972164]]+[25.965:[-1.40693;1.47693;0.970085]]+[26.065:[-1.50201;1.38637;0.968006]]+[26.165:[-1.59709;1.29582;0.965928]]+[26.265:[-1.69217;1.20526;0.963849]]+[26.365:[-1.78725;1.11471;0.96177]]+[26.465:[-1.88233;1.02416;0.959691]]+],
25.669,-1.11626,1.7615,0,-1.11751,1.74965,0.977871,-0.919544,-0.935333,0.0240745,-0.951582,-0.902984,-0.010005,[[25.762:[-1.20946;1.65612;0.980278]]+[25.862:[-1.30141;1.56258;0.982686]]+[25.962:[-1.39337;1.46905;0.985093]]+[26.062:[-1.48532;1.37552;0.987501]]+[26.162:[-1.57728;1.28198;0.989908]]+[26.262:[-1.66923;1.18845;0.992316]]+[26.362:[-1.76119;1.09492;0.994723]]+[26.462:[-1.85314;1.00138;0.99713]]+[26.562:[-1.9451;0.907851;0.999538]]+],
25.768,-1.21186,1.65625,0,-1.2074,1.65222,0.985574,-0.814619,-0.951231,0.123138,-0.856212,-0.922222,0.00401561,[[25.865:[-1.28886;1.5571;0.997888]]+[25.965:[-1.37033;1.46197;1.0102]]+[26.065:[-1.45179;1.36685;1.02252]]+[26.165:[-1.53325;1.27173;1.03483]]+[26.265:[-1.61471;1.1766;1.04714]]+[26.365:[-1.69617;1.08148;1.05946]]+[26.465:[-1.77764;0.986358;1.07177]]+[26.565:[-1.8591;0.891234;1.08408]]+[26.665:[-1.94056;0.796111;1.0964]]+],
25.868,-1.27779,1.5695,0,-1.27873,1.55688,0.999647,-0.612545,-0.954302,0.157524,-0.664368,-0.932343,0.0082859,[[25.965:[-1.33999;1.46144;1.0154]]+[26.065:[-1.40124;1.36601;1.03115]]+[26.165:[-1.4625;1.27058;1.0469]]+[26.265:[-1.52375;1.17515;1.06266]]+[26.365:[-1.58501;1.07972;1.07841]]+[26.465:[-1.64626;0.984294;1.09416]]+[26.565:[-1.70751;0.888864;1.10991]]+[26.665:[-1.76877;0.793434;1.12567]]+[26.765:[-1.83002;0.698003;1.14142]]+],
25.97,-1.32821,1.47363,0,-1.3228,1.46361,1.01395,-0.292408,-0.949213,0.117793,-0.345981,-0.93843,0.00544931,[[26.063:[-1.35204;1.36868;1.02573]]+[26.163:[-1.38128;1.27376;1.03751]]+[26.263:[-1.41052;1.17884;1.04929]]+[26.363:[-1.43976;1.08392;1.06107]]+[26.463:[-1.469;0.988999;1.07285]]+[26.563:[-1.49824;0.894077;1.08463]]+[26.663:[-1.52749;0.799156;1.09641]]+[26.763:[-1.55673;0.704234;1.10819]]+[26.863:[-1.58597;0.609313;1.11997]]+],
26.068,-1.34446,1.36958,0,-1.33275,1.36837,1.01808,0.0389909,-0.936758,-0.00407369,0.00722649,-0.937548,-0.0019353,[[26.164:[-1.32885;1.27469;1.01768]]+[26.264:[-1.32495;1.18102;1.01727]]+[26.364:[-1.32105;1.08734;1.01686]]+[26.464:[-1.31715;0.993666;1.01645]]+[26.564:[-1.31325;0.899991;1.01605]]+[26.664:[-1.30935;0.806315;1.01564]]+[26.764:[-1.30545;0.712639;1.01523]]+[26.864:[-1.30155;0.618963;1.01482]]+[26.964:[-1.29765;0.525288;1.01442]]+],
26.169,-1.32779,1.28627,0,-1.31302,1.27495,1.01366,0.331946,-0.914089,-0.0736349,0.30875,-0.925117,0.00109085,[[26.265:[-1.27982;1.18354;1.00629]]+[26.365:[-1.24663;1.09213;0.998931]]+[26.465:[-1.21343;1.00072;0.991568]]+[26.565:[-1.18024;0.909316;0.984204]]+[26.665:[-1.14704;0.817907;0.976841]]+[26.765:[-1.11385;0.726498;0.969477]]+[26.865:[-1.08065;0.635089;0.962114]]+[26.965:[-1.04746;0.54368;0.95475]]+[27.065:[-1.01427;0.452271;0.947387]]+],
26.268,-1.27859,1.18677,0,-1.26836,1.18402,1.00491,0.539797,-0.904095,-0.0911389,0.531802,-0.913378,0.00122614,[[26.365:[-1.21438;1.09361;0.995795]]+[26.465:[-1.1604;1.0032;0.986681]]+[26.565:[-1.10642;0.91279;0.977567]]+[26.665:[-1.05244;0.82238;0.968453]]+[26.765:[-0.998464;0.731971;0.95934]]+[26.865:[-0.944484;0.641561;0.950226]]+[26.965:[-0.890504;0.551152;0.941112]]+[27.065:[-0.836525;0.460742;0.931998]]+[27.165:[-0.782545;0.370333;0.922884]]+],
26.368,-1.22869,1.11561,0,-1.20656,1.09528,0.997754,0.683614,-0.887122,-0.0535366,0.669964,-0.89907,0.000893832,[[26.464:[-1.1382;1.00657;0.9924]]+[26.564:[-1.06984;0.917853;0.987046]]+[26.664:[-1.00148;0.829141;0.981693]]+[26.764:[-0.933115;0.740429;0.976339]]+[26.864:[-0.864753;0.651716;0.970985]]+[26.964:[-0.796392;0.563004;0.965632]]+[27.064:[-0.728031;0.474292;0.960278]]+[27.164:[-0.659669;0.38558;0.954924]]+[27.264:[-0.591308;0.296868;0.949571]]+],
26.468,-1.14836,1.0202,0,-1.13468,1.00979,0.994727,0.766728,-0.861026,-0.0260932,0.75192,-0.874375,-0.00198287,[[26.562:[-1.058;0.923686;0.992118]]+[26.662:[-0.981332;0.837583;0.989508]]+[26.762:[-0.904659;0.75148;0.986899]]+[26.862:[-0.827986;0.665378;0.98429]]+[26.962:[-0.751314;0.579275;0.98168]]+[27.062:[-0.674641;0.493173;0.979071]]+[27.162:[-0.597968;0.40707;0.976462]]+[27.262:[-0.521295;0.320967;0.973852]]+[27.362:[-0.444622;0.234865;0.971243]]+],
26.569,-1.06838,0.936088,0,-1.05493,0.925192,0.993149,0.821901,-0.833012,0.0112902,0.806918,-0.847543,0.0105866,[[26.662:[-0.972737;0.84189;0.994278]]+[26.762:[-0.890547;0.758589;0.995407]]+[26.862:[-0.808357;0.675288;0.996536]]+[26.962:[-0.726167;0.591987;0.997665]]+[27.062:[-0.643977;0.508686;0.998794]]+[27.162:[-0.561786;0.425384;0.999923]]+[27.262:[-0.479596;0.342083;1.00105]]+[27.362:[-0.397406;0.258782;1.00218]]+[27.462:[-0.315216;0.175481;1.00331]]+],
26.668,-0.992818,0.862313,0,-0.969265,0.841389,0.992197,0.854071,-0.812385,-0.00490746,0.83972,-0.827167,0.00974917,[[26.764:[-0.883858;0.76015;0.991707]]+[26.864:[-0.798451;0.678912;0.991216]]+[26.964:[-0.713043;0.597673;0.990725]]+[27.064:[-0.627636;0.516435;0.990234]]+[27.164:[-0.542229;0.435196;0.989744]]+[27.264:[-0.456822;0.353958;0.989253]]+[27.364:[-0.371415;0.272719;0.988762]]+[27.464:[-0.286008;0.191481;0.988271]]+[27.564:[-0.200601;0.110242;0.987781]]+],
26.768,-0.88924,0.765754,0,-0.884718,0.762416,0.993224,0.871269,-0.799716,0.0078009,0.857179,-0.8148,0.0078009,[[26.862:[-0.797592;0.682444;0.994004]]+[26.962:[-0.710465;0.602473;0.994784]]+[27.062:[-0.623338;0.522501;0.995564]]+[27.162:[-0.536211;0.442529;0.996345]]+[27.262:[-0.449084;0.362558;0.997125]]+[27.362:[-0.361957;0.282586;0.997905]]+[27.462:[-0.27483;0.202615;0.998685]]+[27.562:[-0.187703;0.122643;0.999465]]+[27.662:[-0.100576;0.0426713;1.00024]]+],
26.872,-0.801393,0.686057,0,-0.792485,0.676901,0.994672,0.875828,-0.807597,0.0222228,0.875828,-0.807597,0.0222228,[[26.968:[-0.704903;0.596142;0.996894]]+[27.068:[-0.61732;0.515382;0.999116]]+[27.168:[-0.529737;0.434622;1.00134]]+[27.268:[-0.442154;0.353862;1.00356]]+[27.368:[-0.354571;0.273103;1.00578]]+[27.468:[-0.266989;0.192343;1.00801]]+[27.568:[-0.179406;0.111583;1.01023]]+[27.668:[-0.0918229;0.0308235;1.01245]]+[27.768:[-0.00424011;-0.0499362;1.01467]]+],
26.969,-0.712176,0.606952,0,-0.70788,0.599799,0.99588,0.885597,-0.795397,0.0223671,0.885597,-0.795667,0.00848206,[[27.064:[-0.61932;0.520259;0.998117]]+[27.164:[-0.53076;0.440719;1.00035]]+[27.264:[-0.442201;0.361179;1.00259]]+[27.364:[-0.353641;0.28164;1.00483]]+[27.464:[-0.265081;0.2021;1.00706]]+[27.564:[-0.176522;0.12256;1.0093]]+[27.664:[-0.0879621;0.0430203;1.01154]]+[27.764:[0.000597551;-0.0365194;1.01377]]+[27.864:[0.0891572;-0.116059;1.01601]]+],
27.068,-0.622244,0.529927,0,-0.618119,0.520914,0.99785,0.888377,-0.764746,0.0458202,0.889041,-0.765338,0.00360121,[[27.165:[-0.529281;0.44444;1.00243]]+[27.265:[-0.440444;0.367965;1.00701]]+[27.365:[-0.351606;0.291491;1.0116]]+[27.465:[-0.262768;0.215016;1.01618]]+[27.565:[-0.173931;0.138542;1.02076]]+[27.665:[-0.0850929;0.062067;1.02534]]+[27.765:[0.00374478;-0.0144076;1.02992]]+[27.865:[0.0925825;-0.0908822;1.03451]]+[27.965:[0.18142;-0.167357;1.03909]]+],
27.168,-0.53648,0.458749,0,-0.534837,0.449682,1.01409,0.760615,-0.651047,0.218683,0.774123,-0.671509,0.00539691,[[27.265:[-0.458775;0.384577;1.03595]]+[27.365:[-0.382714;0.319472;1.05782]]+[27.465:[-0.306652;0.254368;1.07969]]+[27.565:[-0.230591;0.189263;1.10156]]+[27.665:[-0.154529;0.124158;1.12343]]+[27.765:[-0.0784678;0.0590535;1.1453]]+[27.865:[-0.00240639;-0.00605126;1.16716]]+[27.965:[0.0736551;-0.071156;1.18903]]+[28.065:[0.149717;-0.136261;1.2109]]+],
27.268,-0.46523,0.399663,0,-0.469695,0.394124,1.03003,0.617095,-0.533114,0.156614,0.624715,-0.547015,-0.00709644,[[27.359:[-0.407985;0.340813;1.04569]]+[27.459:[-0.346276;0.287502;1.06135]]+[27.559:[-0.284566;0.23419;1.07701]]+[27.659:[-0.222857;0.180879;1.09267]]+[27.759:[-0.161147;0.127567;1.10834]]+[27.859:[-0.0994379;0.074256;1.124]]+[27.959:[-0.0377283;0.0209446;1.13966]]+[28.059:[0.0239812;-0.0323667;1.15532]]+[28.159:[0.0856907;-0.0856781;1.17098]]+],
27.368,-0.410505,0.352705,0,-0.413689,0.344239,1.0447,0.44146,-0.407529,0.121743,0.45507,-0.410729,0.00113767,[[27.465:[-0.369543;0.303486;1.05687]]+[27.565:[-0.325397;0.262733;1.06904]]+[27.665:[-0.281251;0.22198;1.08122]]+[27.765:[-0.237105;0.181227;1.09339]]+[27.865:[-0.192959;0.140474;1.10557]]+[27.965:[-0.148813;0.0997212;1.11774]]+[28.065:[-0.104667;0.0589683;1.12992]]+[28.165:[-0.0605205;0.0182154;1.14209]]+[28.265:[-0.0163745;-0.0225376;1.15426]]+],
27.468,-0.378574,0.324578,0,-0.377168,0.310645,1.05372,0.309367,-0.284683,0.0596884,0.314335,-0.285477,-0.00335259,[[27.565:[-0.346232;0.282177;1.05969]]+[27.665:[-0.315295;0.253709;1.06565]]+[27.765:[-0.284358;0.22524;1.07162]]+[27.865:[-0.253422;0.196772;1.07759]]+[27.965:[-0.222485;0.168304;1.08356]]+[28.065:[-0.191548;0.139836;1.08953]]+[28.165:[-0.160611;0.111367;1.0955]]+[28.265:[-0.129675;0.082899;1.10147]]+[28.365:[-0.0987381;0.0544307;1.10744]]+],
27.568,-0.346342,0.296723,0,-0.348987,0.287198,1.05612,0.292656,-0.206985,-0.00820597,0.292685,-0.207074,-0.00372079,[[27.664:[-0.319722;0.266499;1.0553]]+[27.764:[-0.290456;0.245801;1.05448]]+[27.864:[-0.26119;0.225102;1.05366]]+[27.964:[-0.231925;0.204404;1.05284]]+[28.064:[-0.202659;0.183705;1.05202]]+[28.164:[-0.173393;0.163007;1.0512]]+[28.264:[-0.144128;0.142308;1.05038]]+[28.364:[-0.114862;0.12161;1.04956]]+[28.464:[-0.0855964;0.100911;1.04874]]+],
27.668,-0.309008,0.2759,0,-0.314288,0.268894,1.05353,0.407438,-0.169954,-0.0473393,0.410061,-0.170099,0.00685814,[[27.764:[-0.273544;0.251899;1.0488]]+[27.864:[-0.2328;0.234903;1.04406]]+[27.964:[-0.192056;0.217908;1.03933]]+[28.064:[-0.151313;0.200913;1.0346]]+[28.164:[-0.110569;0.183917;1.02986]]+[28.264:[-0.069825;0.166922;1.02513]]+[28.364:[-0.0290812;0.149927;1.02039]]+[28.464:[0.0116626;0.132931;1.01566]]+[28.564:[0.0524063;0.115936;1.01093]]+],
27.768,-0.27665,0.263968,0,-0.269199,0.253177,1.04747,0.559265,-0.168122,-0.0680976,0.563299,-0.168122,0.0103998,[[27.858:[-0.213272;0.236365;1.04066]]+[27.958:[-0.157346;0.219552;1.03385]]+[28.058:[-0.101419;0.20274;1.02704]]+[28.158:[-0.0454927;0.185928;1.02023]]+[28.258:[0.0104337;0.169116;1.01342]]+[28.358:[0.0663602;0.152303;1.00661]]+[28.458:[0.122287;0.135491;0.9998]]+[28.558:[0.178213;0.118679;0.99299]]+[28.658:[0.23414;0.101867;0.986181]]+],
27.871,-0.19766,0.240819,0,-0.206868,0.235661,1.04044,0.67096,-0.187586,-0.0196555,0.671237,-0.187492,0.00704591,[[27.958:[-0.139772;0.216903;1.03847]]+[28.058:[-0.072676;0.198144;1.03651]]+[28.158:[-0.00557999;0.179385;1.03454]]+[28.258:[0.061516;0.160627;1.03258]]+[28.358:[0.128612;0.141868;1.03061]]+[28.458:[0.195708;0.12311;1.02865]]+[28.558:[0.262804;0.104351;1.02668]]+[28.658:[0.3299;0.0855924;1.02471]]+[28.758:[0.396996;0.0668337;1.02275]]+],
27.968,-0.144485,0.224876,0,-0.136822,0.21492,1.04502,0.614006,-0.190658,0.0669593,0.617642,-0.190671,-0.000916472,[[28.065:[-0.0754211;0.195854;1.05171]]+[28.165:[-0.0140205;0.176788;1.05841]]+[28.265:[0.0473801;0.157722;1.06511]]+[28.365:[0.108781;0.138656;1.0718]]+[28.465:[0.170181;0.119591;1.0785]]+[28.565:[0.231582;0.100525;1.08519]]+[28.665:[0.292983;0.0814588;1.09189]]+[28.765:[0.354383;0.062393;1.09859]]+[28.865:[0.415784;0.0433272;1.10528]]+],
28.068,-0.077186,0.202564,0,-0.0832118,0.196778,1.05271,0.472045,-0.184382,0.0571792,0.475409,-0.184586,-0.00263283,[[28.165:[-0.0360074;0.17834;1.05843]]+[28.265:[0.0111971;0.159902;1.06414]]+[28.365:[0.0584016;0.141463;1.06986]]+[28.465:[0.105606;0.123025;1.07558]]+[28.565:[0.15281;0.104587;1.0813]]+[28.665:[0.200015;0.0861488;1.08702]]+[28.765:[0.247219;0.0677106;1.09273]]+[28.865:[0.294424;0.0492724;1.09845]]+[28.965:[0.341628;0.0308342;1.10417]]+],
28.168,-0.0407036,0.182008,0,-0.0439667,0.17289,1.05644,0.3358,-0.294824,0.00202403,0.333543,-0.297371,0.00249555,[[28.265:[-0.0103868;0.143407;1.05665]]+[28.365:[0.0231932;0.113925;1.05685]]+[28.465:[0.0567732;0.0844423;1.05705]]+[28.565:[0.0903531;0.0549599;1.05725]]+[28.665:[0.123933;0.0254775;1.05746]]+[28.765:[0.157513;-0.00400489;1.05766]]+[28.865:[0.191093;-0.0334873;1.05786]]+[28.965:[0.224673;-0.0629697;1.05806]]+[29.065:[0.258253;-0.0924521;1.05827]]+],
28.272,-0.010297,0.142845,0,-0.0172006,0.13646,1.05801,0.214916,-0.395466,0.0279687,0.216662,-0.395312,0.0122517,[[28.365:[0.00429096;0.0969136;1.06081]]+[28.465:[0.0257825;0.057367;1.06361]]+[28.565:[0.0472741;0.0178205;1.0664]]+[28.665:[0.0687656;-0.0217261;1.0692]]+[28.765:[0.0902572;-0.0612727;1.072]]+[28.865:[0.111749;-0.100819;1.0748]]+[28.965:[0.13324;-0.140366;1.07759]]+[29.065:[0.154732;-0.179913;1.08039]]+[29.165:[0.176223;-0.219459;1.08319]]+],
28.37,0.00769354,0.100222,0,-0.000128341,0.0959686,1.06165,0.109217,-0.35689,0.0474317,0.112936,-0.358653,0.012745,[[28.47:[0.0107934;0.0602796;1.06639]]+[28.57:[0.0217151;0.0245906;1.07114]]+[28.67:[0.0326369;-0.0110984;1.07588]]+[28.77:[0.0435586;-0.0467875;1.08062]]+[28.87:[0.0544803;-0.0824765;1.08537]]+[28.97:[0.0654021;-0.118166;1.09011]]+[29.07:[0.0763238;-0.153855;1.09485]]+[29.17:[0.0872455;-0.189544;1.0996]]+[29.27:[0.0981672;-0.225233;1.10434]]+],
28.468,0.0139447,0.0741826,0,0.006933,0.0658806,1.06508,0.0458616,-0.281312,0.0351672,0.0476392,-0.283093,0.00807631,[[28.564:[0.0115192;0.0377494;1.06859]]+[28.664:[0.0161053;0.00961826;1.07211]]+[28.764:[0.0206915;-0.0185129;1.07563]]+[28.864:[0.0252776;-0.0466441;1.07914]]+[28.964:[0.0298638;-0.0747753;1.08266]]+[29.064:[0.0344499;-0.102906;1.08618]]+[29.164:[0.0390361;-0.131038;1.08969]]+[29.264:[0.0436222;-0.159169;1.09321]]+[29.364:[0.0482084;-0.1873;1.09673]]+],
28.569,0.0169852,0.047217,0,0.00961656,0.0419451,1.06636,0.0146204,-0.205043,-0.0322592,0.0140551,-0.202276,-0.0467333,[[28.664:[0.0110786;0.0214408;1.06314]]+[28.764:[0.0125406;0.000936484;1.05991]]+[28.864:[0.0140027;-0.0195678;1.05669]]+[28.964:[0.0154647;-0.0400721;1.05346]]+[29.064:[0.0169268;-0.0605764;1.05023]]+[29.164:[0.0183888;-0.0810807;1.04701]]+[29.264:[0.0198508;-0.101585;1.04378]]+[29.364:[0.0213129;-0.122089;1.04056]]+[29.464:[0.0227749;-0.142594;1.03733]]+],
28.668,0.0174969,0.0317817,0,0.0103075,0.0245617,1.05817,0.00219449,-0.143009,-0.128164,0.00219449,-0.136105,-0.135473,[[28.764:[0.0105269;0.0102608;1.04535]]+[28.864:[0.0107464;-0.00404008;1.03254]]+[28.964:[0.0109658;-0.018341;1.01972]]+[29.064:[0.0111853;-0.0326419;1.0069]]+[29.164:[0.0114047;-0.0469428;0.994087]]+[29.264:[0.0116242;-0.0612437;0.981271]]+[29.364:[0.0118436;-0.0755446;0.968454]]+[29.464:[0.0120631;-0.0898454;0.955638]]+[29.564:[0.0122825;-0.104146;0.942821]]+],
28.768,0.0175197,0.0204062,0,0.0104327,0.0130317,1.04165,0.0013433,-0.0917291,-0.196095,0.0013433,-0.0848296,-0.199177,[[28.865:[0.0105671;0.00385877;1.02204]]+[28.965:[0.0107014;-0.00531414;1.00243]]+[29.065:[0.0108357;-0.014487;0.982822]]+[29.165:[0.0109701;-0.02366;0.963212]]+[29.265:[0.0111044;-0.0328329;0.943603]]+[29.365:[0.0112387;-0.0420058;0.923993]]+[29.465:[0.011373;-0.0511787;0.904383]]+[29.565:[0.0115074;-0.0603516;0.884774]]+[29.665:[0.0116417;-0.0695245;0.865164]]+],
28.868,0.0177336,0.0141206,0,0.0108383,0.00602242,1.01872,0.00738566,-0.055134,-0.255722,0.00738566,-0.0461758,-0.257491,[[28.964:[0.0115769;0.00050902;0.993145]]+[29.064:[0.0123155;-0.00500438;0.967572]]+[29.164:[0.013054;-0.0105178;0.942]]+[29.264:[0.0137926;-0.0160312;0.916428]]+[29.364:[0.0145312;-0.0215446;0.890856]]+[29.464:[0.0152697;-0.027058;0.865283]]+[29.564:[0.0160083;-0.0325714;0.839711]]+[29.664:[0.0167469;-0.0380848;0.814139]]+[29.764:[0.0174854;-0.0435982;0.788567]]+],
28.968,0.0188486,0.0101904,0,0.0120207,0.00231886,0.991088,0.0157394,-0.0241937,-0.289282,0.0157394,-0.0191414,-0.289661,[[29.065:[0.0135947;-0.000100509;0.96216]]+[29.165:[0.0151686;-0.00251988;0.933232]]+[29.265:[0.0167426;-0.00493926;0.904303]]+[29.365:[0.0183165;-0.00735863;0.875375]]+[29.465:[0.0198905;-0.009778;0.846447]]+[29.565:[0.0214644;-0.0121974;0.817519]]+[29.665:[0.0230384;-0.0146167;0.788591]]+[29.765:[0.0246123;-0.0170361;0.759662]]+[29.865:[0.0261862;-0.0194555;0.730734]]+],
29.068,0.020514,0.00899031,0,0.0140035,0.0011078,0.959967,0.02345,-0.00533836,-0.33115,0.02345,-0.00533836,-0.33115,[[29.164:[0.0163485;0.000573964;0.926853]]+[29.264:[0.0186935;4.01283e-05;0.893738]]+[29.364:[0.0210385;-0.000493708;0.860623]]+[29.464:[0.0233835;-0.00102754;0.827508]]+[29.564:[0.0257285;-0.00156138;0.794393]]+[29.664:[0.0280735;-0.00209522;0.761278]]+[29.764:[0.0304185;-0.00262905;0.728163]]+[29.864:[0.0327635;-0.00316289;0.695048]]+[29.964:[0.0351085;-0.00369672;0.661933]]+],
29.168,0.0229617,0.00853826,0,0.0165137,0.000690329,0.925452,0.0244895,-0.00459368,-0.354379,0.0244895,-0.00459368,-0.354379,[[29.265:[0.0189626;0.000230961;0.890014]]+[29.365:[0.0214116;-0.000228407;0.854576]]+[29.465:[0.0238605;-0.000687776;0.819138]]+[29.565:[0.0263095;-0.00114714;0.7837]]+[29.665:[0.0287584;-0.00160651;0.748262]]+[29.765:[0.0312074;-0.00206588;0.712824]]+[29.865:[0.0336563;-0.00252525;0.677386]]+[29.965:[0.0361052;-0.00298462;0.641948]]+[30.065:[0.0385542;-0.00344399;0.60651]]+],
29.268,0.0253773,0.00793318,0,0.0188742,1.34336e-05,0.888146,0.0232701,-0.00867464,-0.387245,0.0232701,-0.00867464,-0.387245,[[29.364:[0.0212012;-0.000854031;0.849422]]+[29.464:[0.0235282;-0.00172149;0.810697]]+[29.564:[0.0258552;-0.00258896;0.771973]]+[29.664:[0.0281822;-0.00345642;0.733248]]+[29.764:[0.0305092;-0.00432389;0.694524]]+[29.864:[0.0328363;-0.00519135;0.655799]]+[29.964:[0.0351633;-0.00605882;0.617075]]+[30.064:[0.0374903;-0.00692628;0.57835]]+[30.164:[0.0398173;-0.00779375;0.539626]]+],
29.368,0.0280004,0.00691593,0,0.0210392,-0.000817614,0.847383,0.0193949,-0.00728387,-0.412303,0.0193949,-0.00728387,-0.412303,[[29.465:[0.0229787;-0.001546;0.806153]]+[29.565:[0.0249182;-0.00227439;0.764922]]+[29.665:[0.0268577;-0.00300277;0.723692]]+[29.765:[0.0287972;-0.00373116;0.682462]]+[29.865:[0.0307367;-0.00445955;0.641232]]+[29.965:[0.0326761;-0.00518793;0.600001]]+[30.065:[0.0346156;-0.00591632;0.558771]]+[30.165:[0.0365551;-0.00664471;0.517541]]+[30.265:[0.0384946;-0.00737309;0.47631]]+],
29.47,0.0293206,0.00636638,0,0.0226984,-0.00148476,0.803381,0.0112412,-0.00528003,-0.429447,0.0112412,-0.00528003,-0.429447,[[29.569:[0.0238225;-0.00201277;0.760436]]+[29.669:[0.0249466;-0.00254077;0.717491]]+[29.769:[0.0260707;-0.00306877;0.674547]]+[29.869:[0.0271949;-0.00359678;0.631602]]+[29.969:[0.028319;-0.00412478;0.588657]]+[30.069:[0.0294431;-0.00465278;0.545712]]+[30.169:[0.0305672;-0.00518079;0.502768]]+[30.269:[0.0316913;-0.00570879;0.459823]]+[30.369:[0.0328154;-0.00623679;0.416878]]+],
29.568,0.0303766,0.0058143,0,0.0235386,-0.00194323,0.761298,0.00729544,-0.00469171,-0.440284,0.00729544,-0.00469171,-0.440284,[[29.665:[0.0242681;-0.0024124;0.717269]]+[29.765:[0.0249977;-0.00288157;0.673241]]+[29.865:[0.0257272;-0.00335074;0.629212]]+[29.965:[0.0264568;-0.00381991;0.585184]]+[30.065:[0.0271863;-0.00428908;0.541155]]+[30.165:[0.0279158;-0.00475825;0.497127]]+[30.265:[0.0286454;-0.00522742;0.453099]]+[30.365:[0.0293749;-0.0056966;0.40907]]+[30.465:[0.0301045;-0.00616577;0.365042]]+],
29.668,0.0310012,0.00519148,0,0.0240713,-0.00251404,0.716528,0.00257632,-0.0061768,-0.455611,0.00257632,-0.0061768,-0.455611,[[29.764:[0.0243289;-0.00313172;0.670967]]+[29.864:[0.0245866;-0.0037494;0.625406]]+[29.964:[0.0248442;-0.00436708;0.579845]]+[30.064:[0.0251018;-0.00498476;0.534284]]+[30.164:[0.0253595;-0.00560244;0.488723]]+[30.264:[0.0256171;-0.00622012;0.443162]]+[30.364:[0.0258747;-0.0068378;0.3976]]+[30.464:[0.0261324;-0.00745548;0.352039]]+[30.564:[0.02639;-0.00807316;0.306478]]+],
29.768,0.0310242,0.00470133,0,0.0240547,-0.00314711,0.67009,-0.00161164,-0.00665392,-0.462574,-0.00161164,-0.00665392,-0.462574,[[29.865:[0.0238936;-0.0038125;0.623832]]+[29.965:[0.0237324;-0.00447789;0.577575]]+[30.065:[0.0235712;-0.00514328;0.531318]]+[30.165:[0.0234101;-0.00580868;0.48506]]+[30.265:[0.0232489;-0.00647407;0.438803]]+[30.365:[0.0230877;-0.00713946;0.392545]]+[30.465:[0.0229266;-0.00780485;0.346288]]+[30.565:[0.0227654;-0.00847025;0.30003]]+[30.665:[0.0226042;-0.00913564;0.253773]]+],
29.868,0.0307608,0.00405785,0,0.0237927,-0.00369709,0.622917,-0.00308114,-0.00420685,-0.472595,-0.00308114,-0.00420685,-0.472595,[[29.965:[0.0234846;-0.00411777;0.575657]]+[30.065:[0.0231765;-0.00453846;0.528398]]+[30.165:[0.0228684;-0.00495914;0.481138]]+[30.265:[0.0225603;-0.00537983;0.433879]]+[30.365:[0.0222522;-0.00580051;0.386619]]+[30.465:[0.0219441;-0.0062212;0.33936]]+[30.565:[0.021636;-0.00664188;0.2921]]+[30.665:[0.0213278;-0.00706257;0.244841]]+[30.765:[0.0210197;-0.00748325;0.197581]]+],
29.968,0.0303807,0.00383114,0,0.0233849,-0.00386371,0.575253,-0.00503727,0.000335931,-0.481465,-0.00503727,0.000335931,-0.481465,[[30.065:[0.0228811;-0.00383011;0.527107]]+[30.165:[0.0223774;-0.00379652;0.47896]]+[30.265:[0.0218737;-0.00376293;0.430814]]+[30.365:[0.02137;-0.00372933;0.382667]]+[30.465:[0.0208662;-0.00369574;0.334521]]+[30.565:[0.0203625;-0.00366215;0.286374]]+[30.665:[0.0198588;-0.00362855;0.238228]]+[30.765:[0.019355;-0.00359496;0.190081]]+[30.865:[0.0188513;-0.00356137;0.141935]]+],
30.068,0.0297829,0.00418122,0,0.0228326,-0.00349979,0.527341,-0.00608696,0.0068446,-0.48231,-0.00608696,0.0068446,-0.48231,[[30.164:[0.0222239;-0.00281533;0.47911]]+[30.264:[0.0216152;-0.00213087;0.430879]]+[30.364:[0.0210065;-0.00144641;0.382648]]+[30.464:[0.0203978;-0.000761953;0.334417]]+[30.564:[0.0197891;-7.74934e-05;0.286186]]+[30.664:[0.0191804;0.000606966;0.237955]]+[30.764:[0.0185717;0.00129143;0.189724]]+[30.864:[0.017963;0.00197589;0.141493]]+[30.964:[0.0173543;0.00266034;0.0932619]]+],
30.168,0.0290317,0.0052513,0,0.0220531,-0.00241226,0.478816,-0.00854709,0.0134022,-0.478655,-0.00854709,0.0134022,-0.478655,[[30.265:[0.0211984;-0.00107203;0.43095]]+[30.365:[0.0203437;0.000268189;0.383085]]+[30.465:[0.019489;0.00160841;0.335219]]+[30.565:[0.0186343;0.00294863;0.287354]]+[30.665:[0.0177796;0.00428886;0.239488]]+[30.765:[0.0169249;0.00562908;0.191623]]+[30.865:[0.0160701;0.0069693;0.143757]]+[30.965:[0.0152154;0.00830953;0.0958917]]+[31.065:[0.0143607;0.00964975;0.0480261]]+],
30.268,0.0283556,0.00626213,0,0.0211902,-0.00122079,0.430239,-0.00882782,0.00981813,-0.49519,-0.00882782,0.00981813,-0.49519,[[30.364:[0.0203074;-0.00023898;0.38072]]+[30.464:[0.0194246;0.000742833;0.331201]]+[30.564:[0.0185418;0.00172465;0.281682]]+[30.664:[0.017659;0.00270646;0.232163]]+[30.764:[0.0167763;0.00368827;0.182644]]+[30.864:[0.0158935;0.00467008;0.133125]]+[30.964:[0.0150107;0.0056519;0.0836062]]+[31.064:[0.0141279;0.00663371;0.0340872]]+[31.164:[0.0132451;0.00761552;-0.0154317]]+],
30.368,0.0272993,0.00715849,0,0.0202854,-0.000557818,0.379775,-0.00998049,0.00387683,-0.504137,-0.00998049,0.00387683,-0.504137,[[30.465:[0.0192873;-0.000170134;0.329361]]+[30.565:[0.0182893;0.000217549;0.278948]]+[30.665:[0.0172912;0.000605232;0.228534]]+[30.765:[0.0162932;0.000992916;0.17812]]+[30.865:[0.0152951;0.0013806;0.127707]]+[30.965:[0.0142971;0.00176828;0.0772928]]+[31.065:[0.013299;0.00215597;0.0268791]]+[31.165:[0.012301;0.00254365;-0.0235346]]+[31.265:[0.0113029;0.00293133;-0.0739483]]+],
30.468,0.0262502,0.00723912,0,0.0190839,-0.000536005,0.328575,-0.0138973,-0.00282852,-0.513863,-0.0138973,-0.00282852,-0.513863,[[30.565:[0.0176941;-0.000818857;0.277189]]+[30.665:[0.0163044;-0.00110171;0.225803]]+[30.765:[0.0149147;-0.00138456;0.174416]]+[30.865:[0.0135249;-0.00166741;0.12303]]+[30.965:[0.0121352;-0.00195026;0.0716436]]+[31.065:[0.0107455;-0.00223312;0.0202573]]+[31.165:[0.00935576;-0.00251597;-0.031129]]+[31.265:[0.00796603;-0.00279882;-0.0825153]]+[31.365:[0.0065763;-0.00308167;-0.133902]]+],
30.571,0.0250149,0.00678375,0,0.0177144,-0.00114975,0.276922,-0.0133576,-0.00816659,-0.510997,-0.0133576,-0.00816659,-0.510997,[[30.666:[0.0163787;-0.00196641;0.225822]]+[30.766:[0.0150429;-0.00278306;0.174723]]+[30.866:[0.0137072;-0.00359972;0.123623]]+[30.966:[0.0123714;-0.00441638;0.0725235]]+[31.066:[0.0110356;-0.00523304;0.0214238]]+[31.166:[0.00969988;-0.0060497;-0.0296759]]+[31.266:[0.00836412;-0.00686636;-0.0807756]]+[31.366:[0.00702836;-0.00768302;-0.131875]]+[31.466:[0.0056926;-0.00849968;-0.182975]]+],
30.668,0.0234341,0.0055195,0,0.0164419,-0.00227044,0.225733,-0.0132357,-0.0149717,-0.524639,-0.0132357,-0.0149717,-0.524639,[[30.764:[0.0151184;-0.00376761;0.173269]]+[30.864:[0.0137948;-0.00526478;0.120805]]+[30.964:[0.0124712;-0.00676195;0.0683408]]+[31.064:[0.0111477;-0.00825913;0.0158769]]+[31.164:[0.0098241;-0.0097563;-0.036587]]+[31.264:[0.00850053;-0.0112535;-0.089051]]+[31.364:[0.00717696;-0.0127506;-0.141515]]+[31.464:[0.0058534;-0.0142478;-0.193979]]+[31.564:[0.00452983;-0.015745;-0.246443]]+],
30.768,0.0220614,0.00376801,0,0.0150697,-0.00404861,0.170899,-0.0140269,-0.0187349,-0.698782,-0.0140269,-0.0187349,-0.698782,[[30.865:[0.013667;-0.0059221;0.101021]]+[30.965:[0.0122643;-0.00779559;0.0311424]]+[31.065:[0.0108616;-0.00966908;-0.0387358]]+[31.165:[0.00945893;-0.0115426;-0.108614]]+[31.265:[0.00805624;-0.0134161;-0.178492]]+[31.365:[0.00665354;-0.0152896;-0.24837]]+[31.465:[0.00525085;-0.017163;-0.318248]]+[31.565:[0.00384816;-0.0190365;-0.388127]]+[31.665:[0.00244547;-0.02091;-0.458005]]+],
30.868,0.0206442,0.00190061,0,0.0136783,-0.00590136,0.049234,-0.0140781,-0.0186965,-1.67978,-0.0140781,-0.0186965,-1.67978,[[30.964:[0.0122705;-0.007771;-0.118744]]+[31.064:[0.0108627;-0.00964065;-0.286722]]+[31.164:[0.00945487;-0.0115103;-0.4547]]+[31.264:[0.00804705;-0.0133799;-0.622679]]+[31.364:[0.00663924;-0.0152496;-0.790657]]+[31.464:[0.00523143;-0.0171192;-0.958635]]+[31.564:[0.00382361;-0.0189889;-1.12661]]+[31.664:[0.0024158;-0.0208585;-1.29459]]+[31.764:[0.00100799;-0.0227282;-1.46257]]+],
