time, tf_x, tf_y, tf_z, loc_x, loc_y, loc_z, vel_x, vel_y, vel_z, velr_x, velr_y, velr_z, shortDist, control_mode, ttc, joy_x, joy_y, joy_z, joy_yaw, traj_futura
17.217,-0.012259,0.0754934,1.13815,-0.0120817,0.07562,1.13795,-0.0174319,-0.012991,0.0222219,-0.0154543,-0.0152906,0.0222219,1000,0,0.5,0,0,0,0,[{17.315:[-0.0138249;0.0743209;1.14017]}+{17.415:[-0.0155681;0.0730218;1.14239]}+{17.515:[-0.0173113;0.0717227;1.14462]}+{17.615:[-0.0190545;0.0704236;1.14684]}+],
17.217,-0.012259,0.0754934,1.13815,-0.0120817,0.07562,1.13795,-0.0174319,-0.012991,0.0222219,-0.0154543,-0.0152906,0.0222219,1000,0,0.5,0,0,0,0,[{17.315:[-0.0138249;0.0743209;1.14017]}+{17.415:[-0.0155681;0.0730218;1.14239]}+{17.515:[-0.0173113;0.0717227;1.14462]}+{17.615:[-0.0190545;0.0704236;1.14684]}+],
17.317,-0.0140681,0.0739793,1.13878,-0.0136996,0.074324,1.13881,-0.0182146,-0.0178499,-0.0145631,-0.0155531,-0.0202112,-0.0145631,1000,0,0.5,0,0,0,0,[{17.41:[-0.0155211;0.072539;1.13736]}+{17.51:[-0.0173426;0.070754;1.1359]}+{17.61:[-0.019164;0.068969;1.13444]}+{17.71:[-0.0209855;0.0671841;1.13299]}+],
17.417,-0.0159708,0.0719798,1.13916,-0.0159708,0.0719798,1.13916,-0.0188639,-0.0223107,-0.00283538,-0.0155753,-0.0247189,-0.00283538,1000,0,0.5,0.131861,1,0,0,[{17.514:[-0.0178572;0.0697487;1.13888]}+{17.614:[-0.0197436;0.0675176;1.1386]}+{17.714:[-0.02163;0.0652866;1.13831]}+{17.814:[-0.0235163;0.0630555;1.13803]}+],
17.524,-0.0166561,0.074204,1.14017,-0.0168777,0.072672,1.14009,0.00955413,0.0751996,-0.0103691,-0.000642123,0.0764514,0.00292222,1000,0,0.5,0.121035,1,0,0,[{17.61:[-0.0159223;0.080192;1.13906]}+{17.71:[-0.0149669;0.0877119;1.13802]}+{17.81:[-0.0140114;0.0952319;1.13698]}+{17.91:[-0.013056;0.102752;1.13595]}+],
17.618,-0.0128138,0.090629,1.14097,-0.0146233,0.0833487,1.14079,0.0648263,0.271101,-0.048221,0.027303,0.281349,0.0109841,1000,0,0.5,0.121035,1,0,0,[{17.714:[-0.00814066;0.110459;1.13597]}+{17.814:[-0.00165803;0.137569;1.13115]}+{17.914:[0.0048246;0.164679;1.12633]}+{18.014:[0.0113072;0.191789;1.12151]}+],
17.717,-0.00533722,0.11925,1.14203,-0.00533722,0.11925,1.14203,0.124125,0.470642,-0.0776539,0.0600915,0.488882,0.0180111,1000,0,0.5,0.327211,1,0,0,[{17.814:[0.00707529;0.166314;1.13426]}+{17.914:[0.0194878;0.213378;1.1265]}+{18.014:[0.0319003;0.260442;1.11873]}+{18.114:[0.0443128;0.307506;1.11097]}+],
17.817,0.0142349,0.18399,1.1437,0.0142349,0.18399,1.1437,0.207872,0.628453,-0.0737554,0.136732,0.65155,0.0197607,1000,0,0.5,1,0.815572,0,1,[{17.915:[0.0350221;0.246836;1.13632]}+{18.015:[0.0558093;0.309681;1.12895]}+{18.115:[0.0765964;0.372526;1.12157]}+{18.215:[0.0973836;0.435372;1.1142]}+],
17.917,0.0443796,0.250295,1.14491,0.0405657,0.243503,1.14476,0.385913,0.678426,-0.0387191,0.363225,0.691807,0.0126582,1000,0,0.5,1,0.0884603,-0,-0,[{18.014:[0.079157;0.311346;1.14089]}+{18.114:[0.117748;0.379188;1.13701]}+{18.214:[0.15634;0.447031;1.13314]}+{18.314:[0.194931;0.514874;1.12927]}+],
18.017,0.0866875,0.308212,1.14607,0.0866875,0.308212,1.14607,0.564056,0.577366,4.12895e-05,0.547068,0.593473,0.00413357,1000,0,0.5,1,-0,-0,-0,[{18.114:[0.143093;0.365948;1.14607]}+{18.214:[0.199499;0.423685;1.14607]}+{18.314:[0.255904;0.481421;1.14608]}+{18.414:[0.31231;0.539158;1.14608]}+],
18.117,0.149314,0.35951,1.14673,0.149314,0.35951,1.14673,0.715539,0.408602,-0.00298623,0.703383,0.428884,0.0164664,1000,0,0.5,1,-0,-0,-0,[{18.214:[0.220868;0.40037;1.14643]}+{18.314:[0.292422;0.44123;1.14613]}+{18.414:[0.363976;0.48209;1.14583]}+{18.514:[0.43553;0.522951;1.14553]}+],
18.217,0.224946,0.394899,1.14772,0.224946,0.394899,1.14772,0.810834,0.279423,-0.0167421,0.810027,0.282198,0.0055094,1000,0,0.5,1,-0,-0,-0,[{18.315:[0.30603;0.422841;1.14604]}+{18.415:[0.387113;0.450783;1.14437]}+{18.515:[0.468197;0.478726;1.14269]}+{18.615:[0.54928;0.506668;1.14102]}+],
18.317,0.309261,0.417029,1.14834,0.309261,0.417029,1.14834,0.878755,0.16314,-0.00364038,0.878347,0.164875,0.0127085,1000,0,0.5,1,-0,-0,-0,[{18.415:[0.397137;0.433343;1.14797]}+{18.515:[0.485013;0.449657;1.14761]}+{18.615:[0.572888;0.465971;1.14724]}+{18.715:[0.660764;0.482285;1.14688]}+],
18.417,0.398891,0.429525,1.14872,0.398891,0.429525,1.14872,0.919049,0.0854173,-0.0124589,0.919126,0.0854878,-0.00089268,1000,0,0.5,1,-0,-0,-0,[{18.514:[0.490796;0.438067;1.14748]}+{18.614:[0.582701;0.446609;1.14623]}+{18.714:[0.674606;0.455151;1.14499]}+{18.814:[0.766511;0.463692;1.14374]}+],
18.517,0.501508,0.436294,1.14898,0.501508,0.436294,1.14898,0.945506,0.0376255,0.000292515,0.945828,-0.0284119,0.000788491,1000,0,0.5,1,-0,-0,1,[{18.614:[0.596058;0.440056;1.14901]}+{18.714:[0.690609;0.443819;1.14904]}+{18.814:[0.785159;0.447581;1.14907]}+{18.914:[0.87971;0.451344;1.1491]}+],
18.617,0.596565,0.439534,1.14994,0.577518,0.438944,1.14986,0.95193,0.0240141,-0.00390943,0.941638,-0.141652,-0.00390943,1000,0,0.5,1,0.0124853,-0,1,[{18.715:[0.672711;0.441345;1.14946]}+{18.815:[0.767904;0.443746;1.14907]}+{18.915:[0.863097;0.446148;1.14868]}+{19.015:[0.95829;0.448549;1.14829]}+],
18.717,0.691515,0.443326,1.15093,0.67256,0.442377,1.15076,0.947814,0.0416582,0.0155698,0.932893,-0.172867,0.0125547,1000,0,0.5,1,0.218694,-0,-0,[{18.815:[0.767341;0.446543;1.15232]}+{18.915:[0.862123;0.450709;1.15388]}+{19.015:[0.956904;0.454875;1.15543]}+{19.115:[1.05169;0.459041;1.15699]}+],
18.822,0.776302,0.450077,1.15157,0.776302,0.450077,1.15157,0.932609,0.109182,0.00633503,0.933267,-0.103409,-0.00631444,1000,0,0.5,1,0.707054,-0,-0,[{18.91:[0.869563;0.460995;1.1522]}+{19.01:[0.962824;0.471914;1.15284]}+{19.11:[1.05608;0.482832;1.15347]}+{19.21:[1.14935;0.49375;1.1541]}+],
18.917,0.876808,0.471241,1.15207,0.876808,0.471241,1.15207,0.891103,0.281952,-0.00637935,0.932844,0.0582262,0.00378909,1000,0,0.5,1,0.793855,-0,-0,[{19.014:[0.965918;0.499436;1.15143]}+{19.114:[1.05503;0.527631;1.15079]}+{19.214:[1.14414;0.555827;1.15015]}+{19.314:[1.23325;0.584022;1.14951]}+],
19.017,0.963476,0.508907,1.15243,0.946515,0.499917,1.15242,0.848831,0.45355,-0.0505682,0.933341,0.239942,-0.0090401,1000,0,0.5,1,0.793855,-0,-0,[{19.114:[1.0314;0.545272;1.14737]}+{19.214:[1.11628;0.590627;1.14231]}+{19.314:[1.20116;0.635982;1.13725]}+{19.414:[1.28605;0.681337;1.13219]}+],
19.117,1.0297,0.551579,1.15243,1.0297,0.551579,1.15243,0.813585,0.614573,-0.0464375,0.938097,0.402069,0.00961323,1000,0,0.5,1,0.793855,-0,-0,[{19.214:[1.11106;0.613036;1.14779]}+{19.314:[1.19242;0.674494;1.14314]}+{19.414:[1.27378;0.735951;1.1385]}+{19.514:[1.35513;0.797408;1.13386]}+],
19.217,1.12494,0.632705,1.15363,1.11716,0.625303,1.15344,0.791838,0.720082,-0.0415373,0.94252,0.508694,0.0116998,1000,0,0.5,1,0.750455,-0,-0,[{19.304:[1.19634;0.697312;1.14928]}+{19.404:[1.27552;0.76932;1.14513]}+{19.504:[1.35471;0.841328;1.14097]}+{19.604:[1.43389;0.913336;1.13682]}+],
19.317,1.19439,0.703106,1.15473,1.19439,0.703106,1.15473,0.768582,0.817687,0.000691869,0.954026,0.590517,0.0213136,1000,0,0.5,1,0.565963,-0,-0,[{19.414:[1.27125;0.784874;1.1548]}+{19.514:[1.34811;0.866643;1.15487]}+{19.614:[1.42496;0.948412;1.15494]}+{19.714:[1.50182;1.03018;1.15501]}+],
19.417,1.27892,0.794212,1.15568,1.26346,0.777633,1.15547,0.781709,0.819203,0.0357257,0.967098,0.589856,0.0151492,1000,0,0.5,1,0.0124853,-0,-0,[{19.514:[1.34163;0.859553;1.15905]}+{19.614:[1.4198;0.941473;1.16262]}+{19.714:[1.49797;1.02339;1.16619]}+{19.814:[1.57614;1.10531;1.16976]}+],
19.517,1.35778,0.873628,1.15635,1.35778,0.873628,1.15635,0.818298,0.731201,0.0765572,0.979664,0.500139,0.0157228,1000,0,0.5,1,-0.0558858,-0,-0,[{19.615:[1.43961;0.946748;1.16401]}+{19.715:[1.52144;1.01987;1.17167]}+{19.815:[1.60327;1.09299;1.17932]}+{19.915:[1.6851;1.16611;1.18698]}+],
19.617,1.44073,0.941822,1.15663,1.44073,0.941822,1.15663,0.853307,0.606332,0.0499482,0.981161,0.368221,-0.00131094,1000,0,0.5,1,-0.0558858,-0.07757,-1,[{19.714:[1.52606;1.00245;1.16162]}+{19.814:[1.61139;1.06309;1.16662]}+{19.914:[1.69672;1.12372;1.17161]}+{20.014:[1.78205;1.18435;1.17661]}+],
19.717,1.51879,0.991777,1.15499,1.51879,0.991777,1.15499,0.887153,0.491203,0.0140994,0.96458,0.312288,-0.0241388,1000,0,0.5,1,-0,-0,-0,[{19.81:[1.60751;1.0409;1.1564]}+{19.91:[1.69622;1.09002;1.15781]}+{20.01:[1.78494;1.13914;1.15922]}+{20.11:[1.87365;1.18826;1.16063]}+],
19.817,1.61797,1.03928,1.15281,1.59969,1.03156,1.15325,0.916419,0.380363,-0.00318529,0.972158,0.197481,-0.0204748,1000,0,0.5,1,-0,-0,-0,[{19.91:[1.69134;1.06959;1.15294]}+{20.01:[1.78298;1.10763;1.15262]}+{20.11:[1.87462;1.14567;1.1523]}+{20.21:[1.96626;1.1837;1.15198]}+],
19.917,1.70137,1.07019,1.15161,1.70137,1.07019,1.15161,0.939032,0.303156,-0.0012811,0.977408,0.13507,-0.0107292,1000,0,0.5,1,-0.131829,-0.0233113,-1,[{20.008:[1.79527;1.10051;1.15148]}+{20.108:[1.88917;1.13082;1.15135]}+{20.208:[1.98308;1.16114;1.15122]}+{20.308:[2.07698;1.19145;1.15109]}+],
20.018,1.80546,1.1005,1.15008,1.79591,1.09811,1.15011,0.956105,0.235571,-0.00657028,0.977687,0.116551,-0.0147363,1000,0,0.5,1,-0.131829,-0,-0,[{20.109:[1.89152;1.12167;1.14945]}+{20.209:[1.98713;1.14523;1.14879]}+{20.309:[2.08275;1.16878;1.14814]}+{20.409:[2.17836;1.19234;1.14748]}+],
20.117,1.90188,1.12068,1.14967,1.87277,1.1153,1.14975,0.973324,0.164449,0.000657372,0.98611,0.0445778,-0.00167795,1000,0,0.5,1,-0.131829,-0,-0,[{20.209:[1.9701;1.13174;1.14982]}+{20.309:[2.06743;1.14819;1.14989]}+{20.409:[2.16477;1.16463;1.14995]}+{20.509:[2.2621;1.18108;1.15002]}+],
20.217,1.98023,1.13245,1.14963,1.98023,1.13245,1.14963,0.968239,0.117439,0.0758037,0.978246,-0.00116964,0.00762866,1000,1,0.5,1,-0.131829,-0.164403,-1,[{20.308:[2.07706;1.14419;1.15721]}+{20.408:[2.17388;1.15594;1.16479]}+{20.508:[2.2707;1.16768;1.17237]}+{20.608:[2.36753;1.17942;1.17995]}+],
20.318,2.0729,1.14239,1.14958,2.0729,1.14239,1.14958,0.809438,0.067388,0.134118,0.822577,-0.03176,-0.00885536,1000,1,0.5,1,-0.131829,-0,-0,[{20.41:[2.15384;1.14913;1.16299]}+{20.51:[2.23479;1.15587;1.1764]}+{20.61:[2.31573;1.16261;1.18981]}+{20.71:[2.39667;1.16935;1.20322]}+],
20.419,2.15502,1.14887,1.15004,2.14196,1.14793,1.14989,0.641496,0.0433336,0.137777,0.656612,-0.0351681,0.00128818,1000,1,0.5,1,-0.131829,-0,-0,[{20.499:[2.2061;1.15227;1.16367]}+{20.599:[2.27025;1.1566;1.17745]}+{20.699:[2.3344;1.16093;1.19122]}+{20.799:[2.39855;1.16527;1.205]}+],
20.517,2.20323,1.15208,1.15059,2.20323,1.15208,1.15059,0.41511,0.0181789,0.0883632,0.423481,-0.0325458,0.00770062,1000,1,0.5,1,-0.131829,-0,-0,[{20.609:[2.24474;1.15389;1.15943]}+{20.709:[2.28625;1.15571;1.16826]}+{20.809:[2.32776;1.15753;1.1771]}+{20.909:[2.36927;1.15935;1.18593]}+],
20.617,2.23829,1.154,1.15035,2.23829,1.154,1.15035,0.250001,0.00798958,0.0214252,0.249669,-0.0225375,-0.0134529,1000,1,0.5,1,-0.131829,-0.0124532,-0.989174,[{20.709:[2.26329;1.1548;1.1525]}+{20.809:[2.28829;1.1556;1.15464]}+{20.909:[2.31329;1.1564;1.15678]}+{21.009:[2.33829;1.15719;1.15892]}+],
20.717,2.2589,1.1549,1.14984,2.2589,1.1549,1.14984,0.121647,0.00360924,0.0114553,0.1215,-0.0133558,-0.00125169,1000,1,0.5,1,-0.131829,-0,-0,[{20.809:[2.27107;1.15526;1.15099]}+{20.909:[2.28323;1.15562;1.15213]}+{21.009:[2.2954;1.15598;1.15328]}+{21.109:[2.30756;1.15635;1.15443]}+],
20.818,2.26672,1.15471,1.14815,2.26672,1.15471,1.14815,0.0404469,-0.0059468,-0.0254406,0.0373554,-0.011518,-0.0281148,1000,1,0.5,1,-0.131829,-0,-0.989174,[{20.909:[2.27076;1.15411;1.14561]}+{21.009:[2.27481;1.15352;1.14306]}+{21.109:[2.27885;1.15292;1.14052]}+{21.209:[2.2829;1.15233;1.13797]}+],
20.918,2.26717,1.15385,1.14586,2.26771,1.15409,1.1462,-0.0213037,-0.00758856,0.00714963,-0.0218894,-0.00454981,0.00791838,1000,1,0.5,1,-0.164403,-0,-1,[{21.009:[2.26558;1.15333;1.14692]}+{21.109:[2.26345;1.15257;1.14763]}+{21.209:[2.26132;1.15181;1.14835]}+{21.309:[2.25919;1.15105;1.14906]}+],
21.017,2.26286,1.15323,1.14527,2.26343,1.15328,1.14529,-0.0587054,-0.00431871,-0.00852928,-0.058875,0.00389353,-0.00750291,1000,1,0.5,1,-0.164403,-0,-0,[{21.11:[2.25756;1.15285;1.14444]}+{21.21:[2.25169;1.15242;1.14358]}+{21.31:[2.24582;1.15199;1.14273]}+{21.41:[2.23995;1.15156;1.14188]}+],
21.117,2.257,1.15295,1.14577,2.257,1.15295,1.14577,-0.0887396,0.000910608,-0.00207695,-0.0877721,0.0132519,-0.000545201,1000,1,0.5,1,-0.164403,-0,-0.772107,[{21.21:[2.24813;1.15304;1.14556]}+{21.31:[2.23926;1.15313;1.14535]}+{21.41:[2.23038;1.15322;1.14515]}+{21.51:[2.22151;1.15331;1.14494]}+],
21.217,2.24613,1.15322,1.14625,2.24613,1.15322,1.14625,-0.0937713,-0.000889688,0.0148711,-0.0941606,0.00906085,0.00816613,1000,0,0.5,1,-0.164403,-0.0124532,-1,[{21.309:[2.23676;1.15313;1.14774]}+{21.409:[2.22738;1.15304;1.14923]}+{21.509:[2.218;1.15295;1.15072]}+{21.609:[2.20862;1.15286;1.1522]}+],
21.317,2.24354,1.15223,1.14675,2.24354,1.15223,1.14675,0.0657447,-0.0242713,-0.0117705,0.0654246,-0.0275967,0.00283785,1000,0,0.5,1,-0.164403,-0,-0,[{21.409:[2.25011;1.1498;1.14558]}+{21.509:[2.25669;1.14738;1.1444]}+{21.609:[2.26326;1.14495;1.14322]}+{21.709:[2.26983;1.14252;1.14205]}+],
21.417,2.26212,1.14827,1.14708,2.26212,1.14827,1.14708,0.314896,-0.061478,-0.0884677,0.32317,-0.0783916,-0.0134574,1000,0,0.5,1,-0.164403,-0,-0.0341695,[{21.509:[2.29361;1.14213;1.13823]}+{21.609:[2.32509;1.13598;1.12938]}+{21.709:[2.35658;1.12983;1.12054]}+{21.809:[2.38807;1.12368;1.11169]}+],
21.517,2.30441,1.14108,1.14624,2.30441,1.14108,1.14624,0.536486,-0.0961698,-0.120032,0.545917,-0.115328,-0.0121455,1000,0,0.5,1,-0.164403,-0,-0.0558858,[{21.61:[2.35806;1.13147;1.13423]}+{21.71:[2.4117;1.12185;1.12223]}+{21.81:[2.46535;1.11223;1.11023]}+{21.91:[2.519;1.10262;1.09822]}+],
21.617,2.37395,1.12966,1.14617,2.35984,1.13199,1.14608,0.695148,-0.12537,-0.102044,0.697832,-0.149637,0.000249807,1000,0,0.5,1,-0.164403,-0,-0,[{21.71:[2.42935;1.11946;1.13587]}+{21.81:[2.49887;1.10692;1.12567]}+{21.91:[2.56838;1.09438;1.11547]}+{22.01:[2.6379;1.08185;1.10526]}+],
21.718,2.45169,1.1172,1.14662,2.44346,1.11847,1.14661,0.823135,-0.133986,-0.0585304,0.820048,-0.162631,-0.00132996,1000,0,0.5,1,-0.0884282,-0,-0,[{21.81:[2.52577;1.10507;1.14076]}+{21.91:[2.60809;1.09167;1.13491]}+{22.01:[2.6904;1.07827;1.12905]}+{22.11:[2.77271;1.06487;1.1232]}+],
21.817,2.53797,1.1047,1.14691,2.51143,1.10837,1.14677,0.885134,-0.130935,-0.0412628,0.880979,-0.161746,0.00485073,1000,0,0.5,1,-0.0884282,-0,-0,[{21.909:[2.59994;1.09527;1.14264]}+{22.009:[2.68845;1.08218;1.13852]}+{22.109:[2.77697;1.06909;1.13439]}+{22.209:[2.86548;1.05599;1.13026]}+],
21.918,2.62932,1.09315,1.14773,2.62003,1.09425,1.14772,0.92638,-0.120545,-0.00439202,0.921545,-0.152983,0.0090244,1000,0,0.5,1,-0.0558858,-0,-0,[{22.009:[2.71267;1.08219;1.14728]}+{22.109:[2.80531;1.07014;1.14685]}+{22.209:[2.89794;1.05808;1.14641]}+{22.309:[2.99058;1.04603;1.14597]}+],
22.017,2.72348,1.08293,1.14803,2.71397,1.08389,1.14798,0.950869,-0.105193,0.000114726,0.946618,-0.138313,0.000114726,1000,0,0.5,1,-0.0558858,-0,-0,[{22.11:[2.80905;1.07337;1.14799]}+{22.21:[2.90414;1.06285;1.148]}+{22.31:[2.99923;1.05233;1.14801]}+{22.41:[3.09431;1.04181;1.14802]}+],
22.117,2.81942,1.0739,1.14798,2.80014,1.07564,1.14804,0.963052,-0.0955328,-0.00511353,0.959132,-0.129085,-0.00511353,1000,0,0.5,1,-0.0558858,-0,-0,[{22.21:[2.89645;1.06608;1.14753]}+{22.31:[2.99275;1.05653;1.14702]}+{22.41:[3.08906;1.04698;1.14651]}+{22.51:[3.18536;1.03742;1.146]}+],
22.217,2.91593,1.06553,1.14776,2.89662,1.06717,1.14773,0.964533,-0.0944477,0.00273399,0.96065,-0.128052,0.00273399,1000,0,0.5,1,-0.0558858,-0,-0,[{22.309:[2.99307;1.05772;1.14801]}+{22.409:[3.08952;1.04828;1.14828]}+{22.509:[3.18598;1.03883;1.14855]}+{22.609:[3.28243;1.02939;1.14883]}+],
22.317,3.00281,1.0587,1.14788,3.00281,1.0587,1.14788,0.965245,-0.0863027,-0.000548961,0.961645,-0.119937,-0.000548961,1000,0,0.5,1,-0.0558858,-0,-0,[{22.41:[3.09933;1.05007;1.14782]}+{22.51:[3.19586;1.04144;1.14777]}+{22.61:[3.29238;1.03281;1.14771]}+{22.71:[3.38891;1.02418;1.14766]}+],
22.417,3.09952,1.052,1.14769,3.09952,1.052,1.14769,0.966737,-0.0752799,-0.00415793,0.963521,-0.108973,-0.00415793,1000,0,0.5,1,-0.110145,-0,-0,[{22.51:[3.1962;1.04447;1.14728]}+{22.61:[3.29287;1.03694;1.14686]}+{22.71:[3.38954;1.02941;1.14645]}+{22.81:[3.48622;1.02188;1.14603]}+],
22.517,3.20614,1.04489,1.14691,3.19644,1.04572,1.1471,0.967531,-0.101145,-0.00760209,0.963132,-0.136464,-0.012569,1000,0,0.5,-0,-1,-0,-0,[{22.61:[3.29319;1.03561;1.14634]}+{22.71:[3.38995;1.02549;1.14558]}+{22.81:[3.4867;1.01538;1.14482]}+{22.91:[3.58345;1.00527;1.14406]}+],
22.617,3.28976,1.03109,1.1461,3.28976,1.03109,1.1461,0.841477,-0.244441,0.0980252,0.840407,-0.266445,-0.0128954,1000,0,0.5,-0.22952,-1,-0,-0.56593,[{22.715:[3.37391;1.00664;1.1559]}+{22.815:[3.45806;0.9822;1.1657]}+{22.915:[3.5422;0.957756;1.1755]}+{23.015:[3.62635;0.933312;1.18531]}+],
22.718,3.36499,0.99804,1.14472,3.36499,0.99804,1.14472,0.623432,-0.429394,0.044035,0.636543,-0.410523,-0.0356485,1000,0,0.5,-0.22952,-1,-0.153545,-1,[{22.81:[3.42733;0.9551;1.14912]}+{22.91:[3.48968;0.912161;1.15353]}+{23.01:[3.55202;0.869222;1.15793]}+{23.11:[3.61436;0.826282;1.16233]}+],
22.817,3.41523,0.945567,1.14124,3.41523,0.945567,1.14124,0.383466,-0.610644,-0.0568481,0.452087,-0.561666,-0.0575543,1000,0,0.5,-0.22952,-1,-0.153545,-1,[{22.91:[3.45357;0.884502;1.13555]}+{23.01:[3.49192;0.823438;1.12987]}+{23.11:[3.53027;0.762374;1.12418]}+{23.21:[3.56861;0.701309;1.1185]}+],
22.917,3.4418,0.877406,1.13537,3.43816,0.892082,1.13683,0.173434,-0.745035,-0.133434,0.32656,-0.700822,-0.0718924,1000,0,0.5,-0.22952,-1,-0.153545,-1,[{23.01:[3.4555;0.817578;1.12349]}+{23.11:[3.47285;0.743075;1.11014]}+{23.21:[3.49019;0.668571;1.0968]}+{23.31:[3.50753;0.594068;1.08346]}+],
23.017,3.44903,0.788985,1.12633,3.44917,0.805889,1.12828,0.0188835,-0.837912,-0.156839,0.269372,-0.803542,-0.0938644,1000,0,0.5,-0.240346,-1,-0.153545,-1,[{23.11:[3.45106;0.722097;1.1126]}+{23.21:[3.45295;0.638306;1.09691]}+{23.31:[3.45483;0.554515;1.08123]}+{23.41:[3.45672;0.470724;1.06554]}+],
23.117,3.43936,0.700586,1.11621,3.44242,0.718692,1.11829,-0.142363,-0.907492,-0.160738,0.236302,-0.895525,-0.108824,1000,0,0.5,-0.240346,-1,-0.153545,-1,[{23.21:[3.42818;0.627943;1.10222]}+{23.31:[3.41395;0.537193;1.08614]}+{23.41:[3.39971;0.446444;1.07007]}+{23.51:[3.38548;0.355695;1.054]}+],
23.217,3.41689,0.60837,1.10481,3.42215,0.627017,1.10705,-0.261737,-0.934513,-0.155252,0.240586,-0.945026,-0.122346,1000,0,0.5,1,-0.793823,-0.153545,-0.403154,[{23.31:[3.39598;0.533566;1.09152]}+{23.41:[3.3698;0.440115;1.076]}+{23.51:[3.34363;0.346664;1.06047]}+{23.61:[3.31745;0.253212;1.04495]}+],
23.317,3.39276,0.511681,1.09364,3.39686,0.531563,1.09588,-0.206406,-0.990322,-0.177196,0.356747,-0.955178,-0.122902,1000,0,0.5,1,-0.793823,-0.07757,-0.131829,[{23.41:[3.37622;0.432531;1.07816]}+{23.51:[3.35558;0.333498;1.06045]}+{23.61:[3.33494;0.234466;1.04273]}+{23.71:[3.3143;0.135434;1.02501]}+],
23.417,3.38131,0.407295,1.083,3.38174,0.418107,1.08412,-0.0525193,-1.07317,-0.19326,0.549753,-0.936058,-0.115659,1000,0,0.5,1,-0.826366,-0.07757,-0.479097,[{23.513:[3.37649;0.310789;1.06479]}+{23.613:[3.37124;0.203472;1.04547]}+{23.713:[3.36598;0.0961546;1.02614]}+{23.813:[3.36073;-0.0111629;1.00682]}+],
23.517,3.38456,0.306443,1.07402,3.38361,0.317954,1.07498,0.111848,-1.15299,-0.186928,0.786736,-0.867046,-0.0781961,1000,0,0.5,1,-0.826366,-0,-1,[{23.611:[3.39479;0.202655;1.05629]}+{23.711:[3.40598;0.0873558;1.0376]}+{23.811:[3.41716;-0.0279432;1.0189]}+{23.911:[3.42834;-0.143242;1.00021]}+],
23.617,3.4012,0.18742,1.06741,3.39907,0.199604,1.06797,0.222398,-1.2152,-0.134717,0.973158,-0.771218,-0.0500913,1000,0,0.5,1,-0.826366,-0,-0.131829,[{23.709:[3.42131;0.0780844;1.0545]}+{23.809:[3.44355;-0.0434357;1.04103]}+{23.909:[3.46579;-0.164956;1.02755]}+{24.009:[3.48803;-0.286476;1.01408]}+],
23.717,3.42812,0.0498298,1.06278,3.42551,0.0625417,1.0632,0.261553,-1.27212,-0.055766,1.0464,-0.770357,-0.0375095,1000,0,0.5,1,-0.826366,-0,-0,[{23.81:[3.45166;-0.0646703;1.05763]}+{23.91:[3.47782;-0.191882;1.05205]}+{24.01:[3.50398;-0.319095;1.04647]}+{24.11:[3.53013;-0.446307;1.0409]}+],
23.817,3.45195,-0.0655626,1.05952,3.45195,-0.0655626,1.05952,0.281367,-1.28435,-0.0182759,1.05496,-0.784717,-0.0182759,1000,0,0.5,1,-0.826366,-0,-0,[{23.91:[3.48009;-0.193997;1.0577]}+{24.01:[3.50823;-0.322432;1.05587]}+{24.11:[3.53636;-0.450867;1.05404]}+{24.21:[3.5645;-0.579302;1.05221]}+],
23.917,3.4802,-0.207436,1.05647,3.47522,-0.181634,1.05696,0.262561,-1.28723,-0.0201975,1.04265,-0.799227,-0.0201975,1000,0,0.5,1,-0.826366,-0,-0,[{24.01:[3.50148;-0.310357;1.05494]}+{24.11:[3.52774;-0.439079;1.05292]}+{24.21:[3.55399;-0.567802;1.0509]}+{24.31:[3.58025;-0.696525;1.04888]}+],
24.017,3.50422,-0.336419,1.05419,3.50186,-0.323534,1.05447,0.248843,-1.28559,-0.02834,1.03122,-0.806989,-0.02834,1000,0,0.5,1,-0.717848,-0,-0,[{24.11:[3.52675;-0.452093;1.05163]}+{24.21:[3.55163;-0.580652;1.0488]}+{24.31:[3.57652;-0.70921;1.04596]}+{24.41:[3.6014;-0.837769;1.04313]}+],
24.117,3.52055,-0.42633,1.05296,3.52055,-0.42633,1.05296,0.244561,-1.27391,-0.0195982,1.02033,-0.800985,-0.0195982,1000,0,0.5,1,-0.598473,-0,-0,[{24.21:[3.54501;-0.553721;1.051]}+{24.31:[3.56946;-0.681112;1.04904]}+{24.41:[3.59392;-0.808503;1.04708]}+{24.51:[3.61837;-0.935894;1.04512]}+],
24.217,3.55105,-0.590691,1.05078,3.55105,-0.590691,1.05078,0.256577,-1.24118,0.0179541,1.00793,-0.768557,-0.00887356,1000,0,0.5,1,-0.468271,-0,-0,[{24.313:[3.57671;-0.714809;1.05257]}+{24.413:[3.60236;-0.838926;1.05437]}+{24.513:[3.62802;-0.963044;1.05616]}+{24.613:[3.65368;-1.08716;1.05796]}+],
24.317,3.5746,-0.700754,1.04997,3.5746,-0.700754,1.04997,0.29412,-1.19601,0.0394712,1.00663,-0.710703,-0.0101296,1000,0,0.5,1,-0.251204,-0,0.96749,[{24.409:[3.60402;-0.820355;1.05392]}+{24.509:[3.63343;-0.939955;1.05787]}+{24.609:[3.66284;-1.05956;1.06182]}+{24.709:[3.69225;-1.17916;1.06576]}+],
24.417,3.60633,-0.817024,1.0487,3.60633,-0.817024,1.0487,0.38176,-1.09876,0.0673331,0.942943,-0.683827,-0.0281108,1000,0,0.5,1,-0,-0,1,[{24.515:[3.64451;-0.9269;1.05544]}+{24.615:[3.68268;-1.03678;1.06217]}+{24.715:[3.72086;-1.14665;1.0689]}+{24.815:[3.75903;-1.25653;1.07564]}+],
24.517,3.64696,-0.922995,1.04682,3.64696,-0.922995,1.04682,0.489215,-0.975291,0.0488603,0.899717,-0.618352,-0.03256,1000,0,0.5,1,-0,-0,1,[{24.609:[3.69588;-1.02052;1.05171]}+{24.709:[3.74481;-1.11805;1.0566]}+{24.809:[3.79373;-1.21558;1.06148]}+{24.909:[3.84265;-1.31311;1.06637]}+],
24.617,3.69871,-1.01635,1.04543,3.69871,-1.01635,1.04543,0.600839,-0.845054,0.0268586,0.881789,-0.54585,-0.0184799,1000,0,0.5,1,-0,-0,1,[{24.71:[3.75879;-1.10086;1.04812]}+{24.81:[3.81887;-1.18536;1.0508]}+{24.91:[3.87896;-1.26987;1.05349]}+{25.01:[3.93904;-1.35437;1.05617]}+],
24.718,3.7614,-1.09736,1.04434,3.7614,-1.09736,1.04434,0.694848,-0.731602,0.0206477,0.884621,-0.485723,-0.000568036,1000,0,0.5,1,-0,-0,1,[{24.815:[3.83088;-1.17052;1.04641]}+{24.915:[3.90037;-1.24368;1.04847]}+{25.015:[3.96985;-1.31684;1.05054]}+{25.115:[4.03934;-1.39;1.0526]}+],
24.817,3.84186,-1.17329,1.04336,3.82642,-1.16044,1.04361,0.78142,-0.63037,-0.0222231,0.895341,-0.454219,-0.0229352,1000,0,0.5,1,-0,-0,1,[{24.91:[3.90456;-1.22347;1.04139]}+{25.01:[3.9827;-1.28651;1.03916]}+{25.11:[4.06084;-1.34955;1.03694]}+{25.21:[4.13899;-1.41259;1.03472]}+],
24.917,3.92429,-1.23161,1.04246,3.90717,-1.22071,1.04259,0.863641,-0.530226,-0.0155276,0.913893,-0.438203,-0.00586804,1000,0,0.5,1,-0,-0,1,[{25.01:[3.99353;-1.27373;1.04104]}+{25.11:[4.0799;-1.32675;1.03948]}+{25.21:[4.16626;-1.37978;1.03793]}+{25.31:[4.25263;-1.4328;1.03638]}+],
25.017,4.01379,-1.28072,1.04198,4.01379,-1.28072,1.04198,0.925604,-0.441862,0.000620294,0.925019,-0.44305,-0.00571301,1000,0,0.5,1,0.0884603,-0,1,[{25.115:[4.10635;-1.32491;1.04205]}+{25.215:[4.19891;-1.36909;1.04211]}+{25.315:[4.29147;-1.41328;1.04217]}+{25.415:[4.38403;-1.45746;1.04223]}+],
25.117,4.08945,-1.31336,1.0422,4.08945,-1.31336,1.0422,0.967738,-0.355189,0.0158242,0.931978,-0.440838,0.00231186,1000,0,0.5,1,0.121035,-0,1,[{25.214:[4.18623;-1.34887;1.04378]}+{25.314:[4.283;-1.38439;1.04536]}+{25.414:[4.37977;-1.41991;1.04695]}+{25.514:[4.47655;-1.45543;1.04853]}+],
25.217,4.19774,-1.34676,1.04155,4.18775,-1.34431,1.04173,0.997692,-0.239774,-0.00365438,0.933169,-0.42609,-0.0231696,1000,0,0.5,1,0.121035,-0,1,[{25.31:[4.28752;-1.36829;1.04136]}+{25.41:[4.38729;-1.39227;1.041]}+{25.51:[4.48706;-1.41625;1.04063]}+{25.61:[4.58683;-1.44022;1.04027]}+],
25.317,4.30849,-1.36494,1.03999,4.30849,-1.36494,1.03999,1.00768,-0.109242,0.0106488,0.944744,-0.367158,-0.0112993,1000,0,0.5,1,0.121035,-0,-0,[{25.414:[4.40925;-1.37586;1.04105]}+{25.514:[4.51002;-1.38678;1.04212]}+{25.614:[4.61079;-1.39771;1.04318]}+{25.714:[4.71156;-1.40863;1.04425]}+],
25.417,4.39903,-1.36839,1.03842,4.38901,-1.36846,1.03862,1.00152,0.0114026,-0.00567986,0.965815,-0.264811,-0.0165935,1000,0,0.5,1,0.121035,-0,-0,[{25.51:[4.48916;-1.36732;1.03805]}+{25.61:[4.58931;-1.36618;1.03748]}+{25.71:[4.68947;-1.36504;1.03691]}+{25.81:[4.78962;-1.3639;1.03635]}+],
25.517,4.50834,-1.36103,1.03679,4.50834,-1.36103,1.03679,0.986054,0.112194,0.0105148,0.978781,-0.164279,-0.000947055,1000,0,0.5,1,0.121035,-0,-0,[{25.615:[4.60694;-1.34981;1.03784]}+{25.715:[4.70555;-1.3386;1.03889]}+{25.815:[4.80415;-1.32738;1.03994]}+{25.915:[4.90276;-1.31616;1.041]}+],
25.617,4.60661,-1.34603,1.03639,4.60661,-1.34603,1.03639,0.981361,0.178548,0.00809028,0.992559,-0.0991561,0.00290483,1000,0,0.5,1,0.121035,-0,-0,[{25.715:[4.70474;-1.32817;1.0372]}+{25.815:[4.80288;-1.31032;1.03801]}+{25.915:[4.90101;-1.29246;1.03882]}+{26.015:[4.99915;-1.27461;1.03962]}+],
25.717,4.7043,-1.32516,1.03515,4.68482,-1.3297,1.03543,0.973534,0.227451,-0.0175379,0.997496,-0.0664681,-0.0198697,1000,0,0.5,1,0.121035,-0,1,[{25.807:[4.78217;-1.30695;1.03367]}+{25.907:[4.87953;-1.28421;1.03192]}+{26.007:[4.97688;-1.26146;1.03017]}+{26.107:[5.07423;-1.23872;1.02841]}+],
25.817,4.79147,-1.30308,1.03366,4.79147,-1.30308,1.03366,0.96301,0.259188,-0.020238,0.987728,-0.136904,-0.0250312,1000,0,0.5,1,0.121035,-0,1,[{25.91:[4.88777;-1.27716;1.03163]}+{26.01:[4.98407;-1.25124;1.02961]}+{26.11:[5.08037;-1.22532;1.02758]}+{26.21:[5.17667;-1.1994;1.02556]}+],
25.917,4.89663,-1.27197,1.0317,4.86812,-1.28095,1.03205,0.952635,0.290554,0.000435963,0.977533,-0.19059,-0.00621932,1000,0,0.5,1,0.164435,-0,1,[{26:[4.96338;-1.2519;1.03209]}+{26.1:[5.05865;-1.22284;1.03214]}+{26.2:[5.15391;-1.19379;1.03218]}+{26.3:[5.24917;-1.16473;1.03222]}+],
26.017,4.98097,-1.24215,1.03014,4.96243,-1.24919,1.0305,0.921169,0.361369,0.00932884,0.96185,-0.232429,-0.00690143,1000,0,0.5,1,0.164435,-0,1,[{26.11:[5.05454;-1.21305;1.03143]}+{26.21:[5.14666;-1.17692;1.03236]}+{26.31:[5.23878;-1.14078;1.03329]}+{26.41:[5.33089;-1.10464;1.03423]}+],
26.117,5.08026,-1.19866,1.0286,5.05372,-1.2114,1.02885,0.875454,0.43764,0.0227896,0.947831,-0.245116,0.00143177,1000,0,0.5,1,0.262095,-0.0233113,1,[{26.21:[5.14127;-1.16764;1.03113]}+{26.31:[5.22881;-1.12387;1.03341]}+{26.41:[5.31636;-1.08011;1.03569]}+{26.51:[5.4039;-1.03635;1.03796]}+],
26.218,5.16485,-1.15059,1.02668,5.15672,-1.15584,1.02691,0.809823,0.528086,-0.0194133,0.938712,-0.230013,-0.0312958,1000,0,0.5,1,0.33807,-0.0667119,1,[{26.31:[5.2377;-1.10303;1.02496]}+{26.41:[5.31869;-1.05022;1.02302]}+{26.51:[5.39967;-0.997412;1.02108]}+{26.61:[5.48065;-0.944603;1.01914]}+],
26.317,5.23429,-1.09865,1.02401,5.23429,-1.09865,1.02401,0.723242,0.634982,-0.0292161,0.942743,-0.192453,-0.0364909,0.337098,1,0.350094,1,0.327211,-0.0558858,1,[{26.41:[5.30661;-1.03515;1.02109]}+{26.51:[5.37894;-0.971649;1.01817]}+{26.61:[5.45126;-0.908151;1.01525]}+{26.71:[5.52359;-0.844653;1.01232]}+],
26.417,5.3082,-1.02602,1.0213,5.30209,-1.0326,1.02144,0.607864,0.646641,0.100588,0.886133,-0.110894,-0.0152329,1000,1,0.5,1,0.33807,-0.0558858,1,[{26.515:[5.36287;-0.967941;1.03149]}+{26.615:[5.42366;-0.903276;1.04155]}+{26.715:[5.48444;-0.838612;1.05161]}+{26.815:[5.54523;-0.773948;1.06167]}+],
26.517,5.36214,-0.965178,1.01903,5.35241,-0.976407,1.01953,0.471702,0.538754,0.112586,0.721501,-0.0644878,-0.0266822,1000,1,0.5,1,0.33807,-0.0667119,1,[{26.61:[5.39958;-0.922532;1.03079]}+{26.71:[5.44675;-0.868657;1.04205]}+{26.81:[5.49392;-0.814781;1.05331]}+{26.91:[5.54109;-0.760906;1.06457]}+],
26.617,5.39947,-0.922019,1.01651,5.39947,-0.922019,1.01651,0.342172,0.390234,0.0793107,0.522467,-0.047449,-0.0207621,1000,1,0.5,1,0.327211,-0.0558858,1,[{26.71:[5.43369;-0.882995;1.02444]}+{26.81:[5.4679;-0.843972;1.03237]}+{26.91:[5.50212;-0.804949;1.0403]}+{27.01:[5.53634;-0.765925;1.04823]}+],
26.717,5.42932,-0.888334,1.01356,5.42425,-0.893954,1.0144,0.248414,0.265735,0.0204966,0.359789,-0.0384688,-0.0426276,1000,1,0.5,1,0.359754,-0.0667119,1,[{26.809:[5.44909;-0.86738;1.01645]}+{26.909:[5.47393;-0.840807;1.0185]}+{27.009:[5.49877;-0.814233;1.02055]}+{27.109:[5.52361;-0.78766;1.0226]}+],
26.818,5.45,-0.86702,1.01069,5.44706,-0.86978,1.01107,0.14417,0.130057,-0.0132524,0.187596,-0.036869,-0.0363858,1000,1,0.5,-0,-0,-0,1,[{26.914:[5.46147;-0.856774;1.00975]}+{27.014:[5.47589;-0.843769;1.00842]}+{27.114:[5.49031;-0.830763;1.0071]}+{27.214:[5.50472;-0.817757;1.00577]}+],
26.917,5.45924,-0.859709,1.00922,5.45924,-0.859709,1.00922,0.0602787,0.0290987,0.0117561,0.0604187,-0.0306287,0.00547062,1000,1,0.5,-0,-0,-0,1,[{27.01:[5.46526;-0.856799;1.0104]}+{27.11:[5.47129;-0.853889;1.01157]}+{27.21:[5.47732;-0.850979;1.01275]}+{27.31:[5.48335;-0.848069;1.01393]}+],
27.017,5.46292,-0.859418,1.00767,5.46265,-0.85894,1.00794,0.00416887,-0.0330513,-0.0168353,-0.0247354,-0.0232202,-0.015562,1000,1,0.5,-0,-0,-0,1,[{27.11:[5.46307;-0.862245;1.00626]}+{27.21:[5.46349;-0.86555;1.00457]}+{27.31:[5.4639;-0.868856;1.00289]}+{27.41:[5.46432;-0.872161;1.0012]}+],
27.117,5.46123,-0.865283,1.0047,5.46189,-0.863845,1.00531,-0.0319809,-0.0693389,-0.0496467,-0.0763103,-0.0161881,-0.0470122,1000,1,0.5,-0,-0,-0,1,[{27.21:[5.4587;-0.870779;1.00035]}+{27.31:[5.4555;-0.877713;0.995383]}+{27.41:[5.4523;-0.884647;0.990418]}+{27.51:[5.4491;-0.89158;0.985453]}+],
27.217,5.45686,-0.8733,1.00256,5.45686,-0.873299,1.00256,-0.0609849,-0.0991053,-0.0203393,-0.116188,-0.0109383,-0.0183143,1000,1,0.5,-0,-0,-0,1,[{27.308:[5.45076;-0.88321;1.00053]}+{27.408:[5.44466;-0.893121;0.998497]}+{27.508:[5.43856;-0.903031;0.996463]}+{27.608:[5.43246;-0.912942;0.994429]}+],
27.317,5.45036,-0.882989,1.00252,5.45036,-0.882989,1.00252,-0.0835332,-0.120349,0.00171975,-0.146335,-0.00571549,0.00427429,1000,1,0.5,-0,-0,-0,1,[{27.415:[5.44201;-0.895024;1.00269]}+{27.515:[5.43365;-0.907059;1.00286]}+{27.615:[5.4253;-0.919094;1.00304]}+{27.715:[5.41695;-0.931129;1.00321]}+],
27.418,5.4404,-0.898105,1.0032,5.4404,-0.898105,1.0032,-0.0855337,-0.122881,0.00624297,-0.149621,0.00741972,0.00363228,1000,0,0.5,-0,-0,-0,1,[{27.515:[5.43184;-0.910393;1.00382]}+{27.615:[5.42329;-0.922681;1.00444]}+{27.715:[5.41474;-0.934969;1.00507]}+{27.815:[5.40618;-0.947258;1.00569]}+],
27.517,5.43281,-0.909694,1.00354,5.43281,-0.909694,1.00354,-0.0723731,-0.103813,0.00254331,-0.125059,0.0195397,0.000360797,1000,0,0.5,-0,-0,0.00165924,1,[{27.615:[5.42558;-0.920075;1.0038]}+{27.715:[5.41834;-0.930456;1.00405]}+{27.815:[5.4111;-0.940838;1.0043]}+{27.915:[5.40386;-0.951219;1.00456]}+],
27.617,5.42738,-0.918268,1.0052,5.42845,-0.916526,1.00445,-0.052488,-0.0781878,0.0814146,-0.0928314,0.0225808,0.0798066,1000,0,0.5,-0,-0,0.728739,0.978348,[{27.71:[5.4232;-0.924345;1.0126]}+{27.81:[5.41795;-0.932163;1.02074]}+{27.91:[5.4127;-0.939982;1.02888]}+{28.01:[5.40746;-0.947801;1.03702]}+],
27.717,5.42338,-0.924785,1.01365,5.42338,-0.924785,1.01365,-0.0366338,-0.0549374,0.147671,-0.0647358,0.0222551,0.146563,1000,0,0.5,-0,-0,0.457445,1,[{27.814:[5.41972;-0.930279;1.02842]}+{27.914:[5.41605;-0.935772;1.04319]}+{28.014:[5.41239;-0.941266;1.05796]}+{28.114:[5.40873;-0.94676;1.07272]}+],
27.817,5.42045,-0.929942,1.0304,5.42045,-0.929942,1.0304,-0.0225488,-0.0390791,0.197648,-0.041837,0.0168906,0.197648,1000,0,0.5,-0,-0,0.370612,1,[{27.915:[5.4182;-0.93385;1.05016]}+{28.015:[5.41594;-0.937758;1.06993]}+{28.115:[5.41369;-0.941666;1.08969]}+{28.215:[5.41143;-0.945574;1.10946]}+],
27.917,5.41876,-0.934052,1.05474,5.41883,-0.933759,1.05281,-0.0100878,-0.0284948,0.171662,-0.0288295,0.0090872,0.171662,1000,0,0.5,1,0.207836,-0,1,[{28.015:[5.41783;-0.936608;1.06998]}+{28.115:[5.41682;-0.939458;1.08714]}+{28.215:[5.41581;-0.942307;1.10431]}+{28.315:[5.4148;-0.945157;1.12148]}+],
28.017,5.41798,-0.93339,1.07166,5.41839,-0.934739,1.0673,-0.0212106,0.073963,0.135462,0.0528577,0.0147683,0.145803,1000,0,0.5,1,0.218694,-0.0884282,1,[{28.109:[5.41627;-0.927342;1.08084]}+{28.209:[5.41415;-0.919946;1.09439]}+{28.309:[5.41202;-0.91255;1.10793]}+{28.409:[5.4099;-0.905154;1.12148]}+],
28.117,5.41442,-0.920171,1.08099,5.41559,-0.924399,1.07946,-0.0713202,0.242036,0.0271311,0.239104,0.0298178,0.0796495,1000,0,0.5,1,0.262095,-0,-0,[{28.21:[5.40846;-0.900196;1.08217]}+{28.31:[5.40132;-0.875992;1.08489]}+{28.41:[5.39419;-0.851789;1.0876]}+{28.51:[5.38706;-0.827585;1.09031]}+],
28.217,5.40375,-0.887316,1.08748,5.40375,-0.887316,1.08748,-0.154118,0.443921,-0.0184304,0.460092,0.0724665,0.0649805,1000,0,0.5,1,0.283811,-0,-0,[{28.315:[5.38834;-0.842923;1.08563]}+{28.415:[5.37293;-0.798531;1.08379]}+{28.515:[5.35751;-0.754139;1.08195]}+{28.615:[5.3421;-0.709747;1.0801]}+],
28.317,5.3825,-0.831831,1.09204,5.3825,-0.831831,1.09204,-0.22385,0.579328,-0.056976,0.611799,0.119159,0.0218876,1000,0,0.5,1,0.283811,-0,-0,[{28.415:[5.36012;-0.773899;1.08634]}+{28.515:[5.33773;-0.715966;1.08065]}+{28.615:[5.31535;-0.658033;1.07495]}+{28.715:[5.29296;-0.6001;1.06925]}+],
28.417,5.35869,-0.775193,1.09446,5.35869,-0.775193,1.09446,-0.297293,0.681828,-0.0258793,0.726064,0.160767,0.030458,1000,0,0.5,1,0.283811,-0,-0,[{28.515:[5.32897;-0.70701;1.09187]}+{28.615:[5.29924;-0.638827;1.08928]}+{28.715:[5.26951;-0.570645;1.08669]}+{28.815:[5.23978;-0.502462;1.0841]}+],
28.517,5.32326,-0.69689,1.09608,5.32672,-0.704319,1.09612,-0.334418,0.748235,-0.0530135,0.785114,0.24091,-0.00773692,1000,0,0.5,1,0.283811,-0.0884282,-1,[{28.61:[5.29328;-0.629496;1.09082]}+{28.71:[5.25983;-0.554672;1.08552]}+{28.81:[5.22639;-0.479849;1.08022]}+{28.91:[5.19295;-0.405025;1.07492]}+],
28.617,5.29073,-0.62784,1.09448,5.29073,-0.62784,1.09448,-0.36509,0.788216,-0.0805717,0.802801,0.33736,-0.0525864,1000,0,0.5,1,0.283811,-0.0992863,-0.446555,[{28.715:[5.25422;-0.549018;1.08642]}+{28.815:[5.21771;-0.470197;1.07837]}+{28.915:[5.18121;-0.391375;1.07031]}+{29.015:[5.1447;-0.312554;1.06225]}+],
28.717,5.24978,-0.539391,1.09062,5.25351,-0.547575,1.09103,-0.359934,0.824138,-0.0674522,0.82519,0.359934,-0.0530588,1000,0,0.5,1,0.283811,-0.07757,-0.913199,[{28.815:[5.21751;-0.465161;1.08429]}+{28.915:[5.18152;-0.382748;1.07754]}+{29.015:[5.14553;-0.300334;1.0708]}+{29.115:[5.10953;-0.21792;1.06405]}+],
28.817,5.2163,-0.464569,1.0865,5.2163,-0.464569,1.0865,-0.353666,0.846404,-0.0726985,0.813504,0.425003,-0.0659372,1000,0,0.5,1,0.283811,-0.164403,-1,[{28.915:[5.18093;-0.379929;1.07923]}+{29.015:[5.14557;-0.295288;1.07196]}+{29.115:[5.1102;-0.210648;1.06469]}+{29.215:[5.07483;-0.126007;1.05742]}+],
28.917,5.17758,-0.370705,1.08052,5.18432,-0.387984,1.08147,-0.322355,0.870884,-0.0357613,0.818045,0.439979,-0.0291709,1000,0,0.5,1,0.283811,-0,-0,[{29.01:[5.15209;-0.300896;1.07789]}+{29.11:[5.11985;-0.213808;1.07431]}+{29.21:[5.08762;-0.126719;1.07074]}+{29.31:[5.05538;-0.0396309;1.06716]}+],
29.017,5.15197,-0.300586,1.07691,5.15197,-0.300586,1.07691,-0.281496,0.896877,-0.0198096,0.849188,0.403157,-0.0190715,1000,0,0.5,1,0.283811,-0,-0,[{29.11:[5.12382;-0.210898;1.07493]}+{29.21:[5.09567;-0.12121;1.07295]}+{29.31:[5.06752;-0.0315225;1.07097]}+{29.41:[5.03937;0.0581651;1.06899]}+],
29.117,5.11828,-0.192436,1.07438,5.12351,-0.210688,1.07482,-0.260243,0.91284,-0.0220171,0.874571,0.369089,-0.0196477,1000,0,0.5,1,0.283811,-0,-0,[{29.209:[5.09749;-0.119404;1.07262]}+{29.309:[5.07146;-0.0281199;1.07042]}+{29.409:[5.04544;0.0631641;1.06822]}+{29.509:[5.01942;0.154448;1.06602]}+],
29.217,5.0988,-0.118784,1.07347,5.0988,-0.118784,1.07347,-0.210517,0.933893,0.050571,0.910971,0.292226,0.061389,1000,0,0.5,1,0.283811,0.826398,1,[{29.31:[5.07775;-0.0253951;1.07853]}+{29.41:[5.0567;0.0679942;1.08358]}+{29.51:[5.03565;0.161384;1.08864]}+{29.61:[5.0146;0.254773;1.0937]}+],
29.319,5.07686,-0.0254144,1.08136,5.07686,-0.0254144,1.08136,-0.204791,0.944626,0.165707,0.948056,0.188273,0.165707,1000,0,0.5,1,0.283811,0.815572,0.989206,[{29.41:[5.05638;0.0690483;1.09793]}+{29.51:[5.0359;0.163511;1.1145]}+{29.61:[5.01542;0.257973;1.13107]}+{29.71:[4.99494;0.352436;1.14764]}+],
29.417,5.05077,0.0861677,1.09877,5.05728,0.0590099,1.09477,-0.208404,0.865754,0.241014,0.898321,0.165096,0.129662,1000,1,0.5,1,0.283811,0.262095,0.196978,[{29.51:[5.03644;0.145585;1.11888]}+{29.61:[5.01559;0.232161;1.14298]}+{29.71:[4.99475;0.318736;1.16708]}+{29.81:[4.97391;0.405312;1.19118]}+],
29.517,5.03471,0.15231,1.10761,5.03471,0.15231,1.10761,-0.174127,0.681189,0.247383,0.725738,0.139938,0.0962212,1000,1,0.5,1,0.283811,0.131861,0.0776021,[{29.615:[5.0173;0.220429;1.13235]}+{29.715:[4.99989;0.288548;1.15709]}+{29.815:[4.98247;0.356666;1.18183]}+{29.915:[4.96506;0.424785;1.20657]}+],
29.617,5.01695,0.223196,1.11621,5.01695,0.223196,1.11621,-0.130821,0.506714,0.173272,0.537684,0.106253,0.0591825,1000,1,0.5,1,0.283811,-0,-0,[{29.709:[5.00387;0.273868;1.13353]}+{29.809:[4.99078;0.324539;1.15086]}+{29.909:[4.9777;0.37521;1.16819]}+{30.009:[4.96462;0.425882;1.18551]}+],
29.717,5.00493,0.269856,1.12026,5.00673,0.263037,1.11977,-0.0835951,0.309424,0.0969488,0.325449,0.0679928,0.0398783,1000,1,0.5,1,-0.587647,-0,-0,[{29.81:[4.99838;0.29398;1.12947]}+{29.91:[4.99002;0.324922;1.13916]}+{30.01:[4.98166;0.355865;1.14886]}+{30.11:[4.9733;0.386807;1.15855]}+],
29.817,4.99935,0.290477,1.12217,4.99935,0.290477,1.12217,-0.0475126,0.163835,0.0535006,0.171379,0.0394406,0.0321763,1000,1,0.5,1,-0.641905,-0,-0,[{29.915:[4.99459;0.30686;1.12752]}+{30.015:[4.98984;0.323244;1.13287]}+{30.115:[4.98509;0.339627;1.13822]}+{30.215:[4.98034;0.356011;1.14357]}+],
29.917,4.99494,0.304788,1.12304,4.99494,0.304788,1.12304,-0.0272136,0.0724238,-0.00961374,0.0723399,0.0233859,-0.0172699,1000,1,0.5,1,-0.641905,-0,-0,[{30.009:[4.99222;0.31203;1.12208]}+{30.109:[4.9895;0.319273;1.12112]}+{30.209:[4.98678;0.326515;1.12016]}+{30.309:[4.98406;0.333757;1.1192]}+],
30.017,4.99329,0.306803,1.12256,4.99351,0.307251,1.12268,-0.00470569,-0.0262189,-0.00108073,-0.0259489,0.00607144,0.000731158,1000,1,0.5,1,-0.641905,-0,-0,[{30.109:[4.99304;0.304629;1.12257]}+{30.209:[4.99257;0.302007;1.12246]}+{30.309:[4.9921;0.299385;1.12235]}+{30.409:[4.99163;0.296764;1.12224]}+],
30.117,4.99342,0.301885,1.12147,4.99329,0.30338,1.12163,0.00724291,-0.0829638,-0.016433,-0.083752,-0.00289099,-0.0135184,1000,1,0.5,1,-0.392296,-0,-0,[{30.21:[4.99402;0.295083;1.11999]}+{30.31:[4.99474;0.286787;1.11835]}+{30.41:[4.99547;0.278491;1.1167]}+{30.51:[4.99619;0.270194;1.11506]}+],
30.217,4.99449,0.292013,1.12099,4.99449,0.292013,1.12099,0.0126763,-0.117561,0.0148409,-0.117786,-0.00650623,0.0168991,1000,1,0.5,1,-0.37058,-0,-0,[{30.315:[4.99576;0.280257;1.12248]}+{30.415:[4.99702;0.268501;1.12396]}+{30.515:[4.99829;0.256745;1.12544]}+{30.615:[4.99956;0.244989;1.12693]}+],
30.317,4.99591,0.27828,1.12096,4.99591,0.27828,1.12096,0.012906,-0.13278,-0.00101923,-0.133273,-0.0059391,-0.00101923,1000,1,0.5,1,-0.37058,-0,-0,[{30.415:[4.9972;0.265002;1.12085]}+{30.515:[4.9985;0.251724;1.12075]}+{30.615:[4.99979;0.238446;1.12065]}+{30.715:[5.00108;0.225168;1.12055]}+],
30.417,4.99765,0.265861,1.12146,4.99765,0.265862,1.12146,0.0283505,-0.0846079,0.00498314,-0.0858325,-0.0242188,-0.00577125,1000,0,0.5,1,-0.37058,-0,-0,[{30.515:[5.00048;0.257401;1.12196]}+{30.615:[5.00332;0.24894;1.12246]}+{30.715:[5.00615;0.240479;1.12296]}+{30.815:[5.00899;0.232018;1.12346]}+],
30.517,5.00326,0.267508,1.12183,5.00326,0.267508,1.12183,0.0810562,0.127057,-0.0305219,0.12488,-0.0896156,0.00437584,1000,0,0.5,1,-0.186087,-0,-0,[{30.615:[5.01136;0.280213;1.11878]}+{30.715:[5.01947;0.292919;1.11572]}+{30.815:[5.02758;0.305625;1.11267]}+{30.915:[5.03568;0.31833;1.10962]}+],
30.617,5.01064,0.286297,1.12264,5.01064,0.286297,1.12264,0.106607,0.381644,-0.0587425,0.376925,-0.132482,0.0290488,1000,0,0.5,1,-0.186087,-0,-0,[{30.71:[5.0213;0.324461;1.11677]}+{30.81:[5.03196;0.362625;1.1109]}+{30.91:[5.04262;0.40079;1.10502]}+{31.01:[5.05328;0.438954;1.09915]}+],
30.717,5.02355,0.342931,1.12521,5.02135,0.331399,1.12474,0.112194,0.571288,-0.0735031,0.566295,-0.151772,0.025216,1000,0,0.5,1,-0.186087,-0,-0,[{30.81:[5.03257;0.388528;1.11739]}+{30.91:[5.04379;0.445657;1.11004]}+{31.01:[5.055;0.502786;1.10269]}+{31.11:[5.06622;0.559914;1.09534]}+],
30.817,5.03321,0.403249,1.127,5.03216,0.395934,1.12682,0.105477,0.749549,-0.0660368,0.742895,-0.157506,0.0246833,1000,0,0.5,1,-0.196946,-0,-0.196946,[{30.91:[5.04271;0.470889;1.12022]}+{31.01:[5.05326;0.545843;1.11361]}+{31.11:[5.06381;0.620798;1.10701]}+{31.21:[5.07435;0.695753;1.10041]}+],
30.917,5.04305,0.483184,1.12884,5.04305,0.483184,1.12884,0.103981,0.85624,-0.0619801,0.858384,-0.103981,0.012882,1000,0,0.5,1,-0.240346,-0.142687,-1,[{31.015:[5.05344;0.568808;1.12265]}+{31.115:[5.06384;0.654432;1.11645]}+{31.215:[5.07424;0.740057;1.11025]}+{31.315:[5.08464;0.825681;1.10405]}+],
31.017,5.05398,0.581164,1.12813,5.05172,0.56281,1.12857,0.130559,0.918411,-0.0638007,0.928689,-0.0354412,-0.0295947,1000,0,0.5,1,-0.674448,-0.175261,-0.989174,[{31.114:[5.06478;0.654651;1.12219]}+{31.214:[5.07783;0.746492;1.11581]}+{31.314:[5.09089;0.838333;1.10943]}+{31.414:[5.10395;0.930174;1.10305]}+],
31.117,5.06829,0.6655,1.12576,5.06829,0.6655,1.12576,0.228656,0.941875,-0.0609678,0.969116,-0.0504337,-0.0374061,1000,0,0.5,1,-0.837224,-0.121003,-0.414012,[{31.214:[5.09115;0.759687;1.11967]}+{31.314:[5.11402;0.853875;1.11357]}+{31.414:[5.13689;0.948062;1.10747]}+{31.514:[5.15975;1.04225;1.10138]}+],
31.217,5.09695,0.759503,1.12233,5.09695,0.759503,1.12233,0.386016,0.925535,-0.06884,0.988648,-0.177326,-0.0386347,1000,0,0.5,1,-0.945741,-0.110145,-0.533356,[{31.315:[5.13555;0.852057;1.11545]}+{31.415:[5.17415;0.94461;1.10856]}+{31.515:[5.21276;1.03716;1.10168]}+{31.615:[5.25136;1.12972;1.0948]}+],
31.318,5.14801,0.859959,1.11709,5.13713,0.842019,1.11826,0.548373,0.890782,-0.101454,1.01219,-0.27758,-0.0540747,1000,0,0.5,1,-1,-0.175261,-0.66359,[{31.409:[5.19197;0.931098;1.10811]}+{31.509:[5.24681;1.02018;1.09797]}+{31.609:[5.30165;1.10925;1.08782]}+{31.709:[5.35648;1.19833;1.07768]}+],
31.417,5.19873,0.929587,1.11183,5.19873,0.929587,1.11183,0.704708,0.844505,-0.142931,1.0346,-0.392519,-0.0759246,1000,0,0.5,0.913231,-1,-0.175261,-0.56593,[{31.51:[5.2692;1.01404;1.09754]}+{31.61:[5.33967;1.09849;1.08325]}+{31.71:[5.41014;1.18294;1.06896]}+{31.81:[5.48061;1.26739;1.05466]}+],
31.517,5.29429,1.02608,1.10182,5.26847,1.00298,1.10463,0.862724,0.764741,-0.137649,1.04696,-0.49415,-0.0880287,1000,0,0.5,0.869831,-1,-0.175261,-0.56593,[{31.61:[5.35474;1.07946;1.09087]}+{31.71:[5.44102;1.15593;1.0771]}+{31.81:[5.52729;1.2324;1.06334]}+{31.91:[5.61356;1.30888;1.04957]}+],
31.618,5.38782,1.09762,1.09151,5.36826,1.08404,1.09348,0.986398,0.667045,-0.100656,1.03546,-0.590658,-0.0837013,1000,0,0.5,0.522562,-1,-0,-0,[{31.715:[5.4669;1.15074;1.08342]}+{31.815:[5.56554;1.21745;1.07335]}+{31.915:[5.66418;1.28415;1.06328]}+{32.015:[5.76282;1.35086;1.05322]}+{32.115:[5.86146;1.41756;1.04315]}+],
31.717,5.4896,1.15858,1.08267,5.4586,1.14163,1.08533,1.03738,0.559462,-0.036928,0.960276,-0.678324,-0.0909647,1000,0,0.5,0.305495,-1,-0,-0,[{31.809:[5.56234;1.19757;1.08164]}+{31.909:[5.66608;1.25352;1.07795]}+{32.009:[5.76982;1.30947;1.07426]}+{32.109:[5.87356;1.36541;1.07056]}+],
31.817,5.59337,1.2046,1.07558,5.56233,1.19255,1.0775,1.03135,0.384448,0.0185369,0.790734,-0.762976,-0.0666323,1000,0,0.5,0.0993185,-1,-0,-0,[{31.91:[5.66546;1.231;1.07935]}+{32.01:[5.7686;1.26944;1.0812]}+{32.11:[5.87173;1.30789;1.08306]}+{32.21:[5.97487;1.34633;1.08491]}+{32.31:[6.078;1.38478;1.08677]}+],
31.917,5.68521,1.23128,1.07074,5.68521,1.23128,1.07074,1.00846,0.213721,0.0271729,0.630615,-0.814741,-0.0439607,1000,0,0.5,0.0993185,-1,-0,-0,[{32.01:[5.78606;1.25265;1.07345]}+{32.11:[5.8869;1.27402;1.07617]}+{32.21:[5.98775;1.29539;1.07889]}+{32.31:[6.0886;1.31676;1.08161]}+],
32.017,5.78432,1.24532,1.06684,5.78432,1.24532,1.06684,0.971233,0.0493494,0.027761,0.45462,-0.859875,-0.0208552,1000,0,0.5,-0,-1,-0,-0,[{32.115:[5.88144;1.25025;1.06962]}+{32.215:[5.97856;1.25519;1.0724]}+{32.315:[6.07569;1.26012;1.07517]}+{32.415:[6.17281;1.26506;1.07795]}+],
32.117,5.88958,1.24408,1.06461,5.86127,1.24598,1.06512,0.937602,-0.0862624,0.00975013,0.316885,-0.886584,-0.0136142,1000,0,0.5,-0,0.0776021,-0.0341695,-1,[{32.21:[5.95503;1.23735;1.06609]}+{32.31:[6.04879;1.22872;1.06707]}+{32.41:[6.14255;1.2201;1.06805]}+{32.51:[6.23631;1.21147;1.06902]}+],
32.217,5.97915,1.23164,1.06216,5.97078,1.23311,1.06234,0.823888,-0.157224,0.110201,0.284339,-0.796344,-0.0253307,1000,0,0.5,-0,-0,-0.07757,-1,[{32.31:[6.05317;1.21739;1.07336]}+{32.41:[6.13556;1.20166;1.08438]}+{32.51:[6.21795;1.18594;1.0954]}+{32.61:[6.30033;1.17022;1.10642]}+],
32.317,6.05296,1.21784,1.05917,6.03971,1.22035,1.05987,0.640422,-0.135173,0.0835333,0.27225,-0.599722,-0.0400493,1000,0,0.5,-0,-0,-0.07757,-1,[{32.407:[6.10375;1.20684;1.06822]}+{32.507:[6.16779;1.19332;1.07658]}+{32.607:[6.23184;1.1798;1.08493]}+{32.707:[6.29588;1.16628;1.09328]}+],
32.417,6.10789,1.20803,1.05586,6.09832,1.20962,1.0565,0.461682,-0.0828447,0.043859,0.242841,-0.402622,-0.0293347,1000,0,0.5,-0,-0,-0.07757,-1,[{32.514:[6.14449;1.20134;1.06089]}+{32.614:[6.19066;1.19305;1.06527]}+{32.714:[6.23683;1.18477;1.06966]}+{32.814:[6.283;1.17648;1.07404]}+],
32.517,6.14332,1.20286,1.05229,6.14331,1.20286,1.05229,0.324852,-0.0432679,-0.0144283,0.20212,-0.25239,-0.0552819,1000,0,0.5,-0,-0,-0.07757,-1,[{32.615:[6.1758;1.19854;1.05085]}+{32.715:[6.20829;1.19421;1.04941]}+{32.815:[6.24077;1.18988;1.04797]}+{32.915:[6.27326;1.18556;1.04652]}+],
32.617,6.17277,1.19964,1.04752,6.1683,1.20007,1.04831,0.219057,-0.0254526,-0.0218586,0.15559,-0.153137,-0.0381095,1000,0,0.5,-0,-0,-0.07757,-1,[{32.71:[6.19021;1.19753;1.04613]}+{32.81:[6.21211;1.19498;1.04394]}+{32.91:[6.23402;1.19244;1.04176]}+{33.01:[6.25593;1.18989;1.03957]}+],
32.717,6.19066,1.19799,1.04307,6.18759,1.19828,1.04403,0.152473,-0.0169636,-0.0459734,0.116959,-0.0954625,-0.0534499,1000,0,0.5,-0,-0,-0.0884282,-1,[{32.809:[6.20284;1.19658;1.03943]}+{32.909:[6.21808;1.19488;1.03483]}+{33.009:[6.23333;1.19319;1.03023]}+{33.109:[6.24858;1.19149;1.02564]}+],
32.817,6.20297,1.19667,1.03825,6.20193,1.19679,1.0388,0.104197,-0.0157521,-0.0490399,0.0839249,-0.0604226,-0.0530631,1000,0,0.5,-0,-0,-0.0884282,-1,[{32.91:[6.21235;1.19522;1.0339]}+{33.01:[6.22277;1.19364;1.02899]}+{33.11:[6.23319;1.19207;1.02409]}+{33.21:[6.24361;1.19049;1.01918]}+],
32.918,6.21132,1.19542,1.03376,6.20989,1.19568,1.03461,0.0732185,-0.0163886,-0.0432266,0.0609839,-0.0426234,-0.0442977,1000,0,0.5,-0,-0,-0.0884282,-1,[{33.009:[6.21721;1.19404;1.03028]}+{33.109:[6.22453;1.19241;1.02596]}+{33.209:[6.23185;1.19077;1.02164]}+{33.309:[6.23917;1.18913;1.01732]}+],
33.017,6.2174,1.19391,1.02857,6.21631,1.19424,1.02961,0.055586,-0.0192674,-0.0536702,0.0475239,-0.0346772,-0.0536702,1000,0,0.5,-0,-0,-0.0884282,-1,[{33.11:[6.22187;1.19231;1.02424]}+{33.21:[6.22742;1.19039;1.01888]}+{33.31:[6.23298;1.18846;1.01351]}+{33.41:[6.23854;1.18653;1.00814]}+],
33.117,6.22237,1.19202,1.02314,6.22142,1.19243,1.02435,0.0482668,-0.022925,-0.0718819,0.0430057,-0.0317135,-0.0718819,1000,0,0.5,0.500846,-0,-0.153545,-1,[{33.21:[6.22624;1.19014;1.01716]}+{33.31:[6.23107;1.18784;1.00997]}+{33.41:[6.2359;1.18555;1.00278]}+{33.51:[6.24073;1.18326;0.995595]}+],
33.217,6.22953,1.1905,1.01669,6.22649,1.19079,1.01871,0.108288,-0.0118532,-0.0923009,0.118649,-0.0212461,-0.0765329,1000,0,0.5,1,-0,-0.153545,-1,[{33.31:[6.23732;1.1896;1.00948]}+{33.41:[6.24815;1.18842;1.00025]}+{33.51:[6.25897;1.18723;0.991025]}+{33.61:[6.2698;1.18605;0.981794]}+],
33.317,6.24734,1.19056,1.00958,6.24734,1.19056,1.00958,0.259747,0.00167419,-0.143149,0.283834,0.00167419,-0.0860159,1000,0,0.5,1,-0,-0.153545,-1,[{33.409:[6.27332;1.19072;0.995261]}+{33.509:[6.29929;1.19089;0.980946]}+{33.609:[6.32527;1.19106;0.966631]}+{33.709:[6.35124;1.19123;0.952316]}+],
33.419,6.29121,1.19154,0.999955,6.29121,1.19154,0.999955,0.478728,0.0144181,-0.189914,0.503148,0.0560872,-0.0956661,1000,0,0.5,1,-0,-0.153545,-1,[{33.514:[6.33909;1.19298;0.980964]}+{33.614:[6.38696;1.19442;0.961973]}+{33.714:[6.43483;1.19587;0.942981]}+{33.814:[6.48271;1.19731;0.92399]}+],
33.517,6.35071,1.19164,0.989974,6.33752,1.19176,0.992041,0.638653,0.00558304,-0.190118,0.648329,0.116399,-0.10087,1000,0,0.5,1,-0,-0.153545,-1,[{33.609:[6.40139;1.19232;0.973029]}+{33.709:[6.46525;1.19288;0.954017]}+{33.809:[6.52912;1.19343;0.935006]}+{33.909:[6.59298;1.19399;0.915994]}+],
33.617,6.41629,1.18981,0.979066,6.41629,1.18981,0.979066,0.770137,-0.0362867,-0.129712,0.747094,0.190465,-0.129712,1000,0,0.5,-0,-0,-0.153545,-1,[{33.71:[6.4933;1.18618;0.966095]}+{33.81:[6.57031;1.18255;0.953124]}+{33.91:[6.64733;1.17892;0.940153]}+{34.01:[6.72434;1.17529;0.927182]}+],
33.719,6.49136,1.18596,0.967368,6.49136,1.18596,0.967368,0.710176,-0.0318219,-0.0088199,0.680575,0.18776,-0.0836894,1000,1,0.5,-0,-0,-0.153545,-1,[{33.808:[6.56238;1.18278;0.966486]}+{33.908:[6.63339;1.1796;0.965604]}+{34.008:[6.70441;1.17641;0.964722]}+{34.108:[6.77543;1.17323;0.96384]}+],
33.817,6.56042,1.18329,0.958039,6.55493,1.18339,0.95877,0.56081,-0.00851775,0.0214776,0.532755,0.164081,-0.0655083,1000,1,0.5,-0,-0,-0.153545,-1,[{33.909:[6.61101;1.18253;0.960918]}+{34.009:[6.66709;1.18168;0.963066]}+{34.109:[6.72317;1.18083;0.965213]}+{34.209:[6.77925;1.17998;0.967361]}+],
33.917,6.60226,1.1837,0.952189,6.60226,1.1837,0.952189,0.381348,0.0236561,-0.0100438,0.351793,0.132948,-0.0682182,1000,1,0.5,-0,-0,-0.153545,-1,[{34.015:[6.64039;1.18607;0.951185]}+{34.115:[6.67853;1.18844;0.95018]}+{34.215:[6.71666;1.1908;0.949176]}+{34.315:[6.7548;1.19317;0.948171]}+],
34.017,6.63593,1.18715,0.947808,6.63355,1.18672,0.948024,0.246228,0.0435245,-0.00517679,0.220982,0.113613,-0.0284315,1000,1,0.5,-0,-0,-0.153545,-1,[{34.109:[6.65818;1.19107;0.947506]}+{34.209:[6.6828;1.19542;0.946989]}+{34.309:[6.70742;1.19978;0.946471]}+{34.409:[6.73205;1.20413;0.945953]}+],
34.117,6.65375,1.192,0.945744,6.65243,1.1915,0.945916,0.137377,0.0508801,-0.00127342,0.115944,0.0883694,-0.014515,1000,1,0.5,-0,-0,-0.153545,-1,[{34.21:[6.66617;1.19659;0.945788]}+{34.31:[6.6799;1.20168;0.945661]}+{34.41:[6.69364;1.20677;0.945534]}+{34.51:[6.70738;1.21186;0.945406]}+],
34.217,6.66212,1.1966,0.94745,6.66164,1.19617,0.947126,0.0511204,0.0435874,0.0310661,0.0377193,0.0571288,0.0281392,1000,1,0.5,-0,-0,-0.153545,-1,[{34.309:[6.66675;1.20053;0.950232]}+{34.409:[6.67186;1.20488;0.953339]}+{34.509:[6.67697;1.20924;0.956445]}+{34.609:[6.68208;1.2136;0.959552]}+],
34.317,6.66392,1.19988,0.950639,6.66392,1.19988,0.950639,-0.00278306,0.0383487,0.0441778,-0.0116957,0.0360961,0.0446131,1000,1,0.5,-0,-0,-0.153545,-1,[{34.409:[6.66364;1.20372;0.955056]}+{34.509:[6.66337;1.20755;0.959474]}+{34.609:[6.66309;1.21139;0.963892]}+{34.709:[6.66281;1.21522;0.96831]}+],
34.417,6.66218,1.20367,0.954857,6.66301,1.2027,0.953893,-0.0322186,0.0324233,0.0329749,-0.039326,0.0222866,0.0336664,1000,1,0.5,-0,-0,-0.153545,-1,[{34.51:[6.65979;1.20594;0.95719]}+{34.61:[6.65657;1.20918;0.960488]}+{34.71:[6.65334;1.21243;0.963785]}+{34.81:[6.65012;1.21567;0.967083]}+],
34.517,6.65738,1.20743,0.957342,6.65793,1.20708,0.957233,-0.0555963,0.0337195,0.00571782,-0.0627369,0.0170889,0.00571782,1000,1,0.5,-0,-0,-0.153545,-1,[{34.61:[6.65237;1.21045;0.957805]}+{34.71:[6.64681;1.21383;0.958377]}+{34.81:[6.64125;1.2172;0.958948]}+{34.91:[6.63569;1.22057;0.95952]}+],
34.617,6.65212,1.21034,0.958101,6.65212,1.21034,0.958101,-0.062579,0.0268979,-0.0083742,-0.0675689,0.00860683,-0.0083742,1000,1,0.5,-0,-0,-0.153545,-1,[{34.708:[6.64586;1.21303;0.957263]}+{34.808:[6.63961;1.21572;0.956426]}+{34.908:[6.63335;1.21841;0.955588]}+{35.008:[6.62709;1.2211;0.954751]}+],
34.717,6.64474,1.2134,0.957542,6.64543,1.21311,0.95758,-0.0695593,0.0260415,-0.00803236,-0.0742479,0.00197641,-0.00803236,1000,0,0.5,-0,-0,-0.153545,-1,[{34.814:[6.63847;1.21571;0.956777]}+{34.914:[6.63152;1.21832;0.955974]}+{35.014:[6.62456;1.22092;0.95517]}+{35.114:[6.6176;1.22352;0.954367]}+],
34.817,6.63885,1.21654,0.955257,6.64091,1.21522,0.956441,-0.0473626,0.0309224,-0.0250853,-0.0555472,0.0080089,-0.0260587,1000,0,0.5,-0,-0,-0.153545,-1,[{34.915:[6.63618;1.21832;0.953932]}+{35.015:[6.63144;1.22141;0.951424]}+{35.115:[6.62671;1.2245;0.948915]}+{35.215:[6.62197;1.22759;0.946407]}+],
34.917,6.6359,1.2197,0.951095,6.6359,1.2197,0.951095,-0.0156034,0.026765,-0.0352288,-0.0265408,0.0149058,-0.0356974,1000,0,0.5,-0,-0,-0.153545,-1,[{35.01:[6.63434;1.22237;0.947572]}+{35.11:[6.63278;1.22505;0.944049]}+{35.21:[6.63122;1.22773;0.940526]}+{35.31:[6.62966;1.2304;0.937003]}+],
35.017,6.63587,1.222,0.946068,6.63587,1.222,0.946068,0.00981704,0.0199144,-0.0654665,-0.00262009,0.0218814,-0.0655222,1000,0,0.5,-0,-0,-0.153545,-1,[{35.11:[6.63685;1.22399;0.939521]}+{35.21:[6.63783;1.22598;0.932975]}+{35.31:[6.63882;1.22797;0.926428]}+{35.41:[6.6398;1.22996;0.919882]}+],
35.117,6.63842,1.22363,0.938145,6.63781,1.22343,0.939637,0.0283408,0.00843848,-0.0777484,0.0158529,0.0249618,-0.0777484,1000,0,0.5,-0,-0,-0.153545,-1,[{35.21:[6.64064;1.22427;0.931863]}+{35.31:[6.64348;1.22511;0.924088]}+{35.41:[6.64631;1.22596;0.916313]}+{35.51:[6.64915;1.2268;0.908538]}+],
35.217,6.64175,1.22412,0.930216,6.64175,1.22412,0.930216,0.03916,0.000920261,-0.0894579,0.026034,0.0292674,-0.0894579,1000,0,0.5,-0,-0,-0.153545,-1,[{35.315:[6.64567;1.22421;0.92127]}+{35.415:[6.64958;1.2243;0.912324]}+{35.515:[6.6535;1.22439;0.903378]}+{35.615:[6.65741;1.22448;0.894433]}+],
35.317,6.64632,1.22415,0.919575,6.6455,1.22418,0.921735,0.0388817,-0.00319303,-0.116081,0.0259496,0.0291307,-0.116081,1000,0,0.5,-0,-0,-0.164403,-1,[{35.415:[6.64939;1.22386;0.910127]}+{35.515:[6.65328;1.22354;0.898519]}+{35.615:[6.65716;1.22322;0.88691]}+{35.715:[6.66105;1.22291;0.875302]}+],
35.417,6.65026,1.22365,0.907897,6.64988,1.22373,0.909213,0.0348434,-0.00827685,-0.137897,0.0274431,0.0256037,-0.137439,1000,0,0.5,0.793855,-0.175261,-0.164403,-1,[{35.514:[6.65336;1.2229;0.895423]}+{35.614:[6.65685;1.22208;0.881634]}+{35.714:[6.66033;1.22125;0.867844]}+{35.814:[6.66382;1.22042;0.854054]}+],
35.517,6.65462,1.21917,0.895036,6.6541,1.22018,0.896295,0.0485867,-0.0874296,-0.142692,0.120972,-0.00122276,-0.125418,1000,0,0.5,1,-0.348896,-0.153545,-1,[{35.614:[6.65895;1.21144;0.882026]}+{35.714:[6.66381;1.2027;0.867756]}+{35.814:[6.66867;1.19395;0.853487]}+{35.914:[6.67353;1.18521;0.839218]}+],
35.617,6.66051,1.19849,0.88119,6.65989,1.20153,0.882551,0.0562929,-0.253157,-0.204589,0.29406,-0.0438347,-0.143949,1000,0,0.5,1,-0.338037,-0.153545,-1,[{35.71:[6.66552;1.17622;0.862092]}+{35.81:[6.67115;1.1509;0.841633]}+{35.91:[6.67678;1.12559;0.821174]}+{36.01:[6.68241;1.10027;0.800715]}+],
35.717,6.66652,1.15623,0.866337,6.66596,1.16138,0.867948,0.0571031,-0.485336,-0.256017,0.521827,-0.0707116,-0.164479,1000,0,0.5,1,-0.348896,-0.164403,-1,[{35.814:[6.67167;1.11285;0.842347]}+{35.914:[6.67738;1.06432;0.816745]}+{36.014:[6.68309;1.01578;0.791143]}+{36.114:[6.6888;0.967249;0.765542]}+],
35.817,6.67004,1.10823,0.854086,6.67004,1.10823,0.854086,0.0356862,-0.672576,-0.22883,0.693883,-0.0657928,-0.142102,1000,0,0.5,1,-0.348896,-0.153545,-1,[{35.91:[6.67361;1.04097;0.831203]}+{36.01:[6.67718;0.973713;0.80832]}+{36.11:[6.68075;0.906455;0.785437]}+{36.21:[6.68432;0.839198;0.762554]}+],
35.917,6.67095,1.01873,0.836501,6.67126,1.0348,0.839514,-0.0085062,-0.797127,-0.216888,0.812217,-0.043946,-0.144555,1000,0,0.5,1,-0.348896,-0.153545,-1,[{36.01:[6.67041;0.955083;0.817825]}+{36.11:[6.66956;0.87537;0.796137]}+{36.21:[6.66871;0.795657;0.774448]}+{36.31:[6.66786;0.715945;0.752759]}+],
36.017,6.66676,0.942168,0.823223,6.66676,0.942168,0.823223,-0.0650017,-0.883323,-0.178302,0.893172,-0.0409824,-0.129771,1000,0,0.5,1,-0.348896,-0.121003,-0.500814,[{36.109:[6.66026;0.853836;0.805393]}+{36.209:[6.65376;0.765503;0.787563]}+{36.309:[6.64726;0.677171;0.769733]}+{36.409:[6.64076;0.588839;0.751903]}+],
36.117,6.65457,0.842046,0.807928,6.65457,0.842046,0.807928,-0.137938,-0.928817,-0.144941,0.939691,-0.0631119,-0.125429,1000,0,0.5,1,-0.348896,-0.110145,-0.37058,[{36.215:[6.64078;0.749164;0.793434]}+{36.315:[6.62699;0.656282;0.77894]}+{36.415:[6.61319;0.563401;0.764446]}+{36.515:[6.5994;0.470519;0.749952]}+],
36.22,6.64093,0.767006,0.796644,6.64093,0.767006,0.796644,-0.198277,-0.946197,-0.161302,0.965976,-0.0889355,-0.140003,1000,0,0.5,1,-0.348896,-0.07757,-0.305463,[{36.31:[6.62111;0.672386;0.780513]}+{36.41:[6.60128;0.577767;0.764383]}+{36.51:[6.58145;0.483147;0.748253]}+{36.61:[6.56162;0.388527;0.732123]}+],
36.319,6.62109,0.681525,0.7835,6.62109,0.681525,0.7835,-0.245295,-0.957557,-0.138743,0.982377,-0.116752,-0.132815,1000,0,0.5,1,-0.348896,-0.07757,-0.196946,[{36.415:[6.59656;0.585769;0.769626]}+{36.515:[6.57204;0.490013;0.755751]}+{36.615:[6.54751;0.394258;0.741877]}+{36.715:[6.52298;0.298502;0.728003]}+],
36.417,6.58723,0.567164,0.767404,6.58723,0.567164,0.767404,-0.313093,-0.95427,-0.129403,0.9915,-0.166511,-0.120855,1000,0,0.5,1,-0.348896,-0,-0,[{36.513:[6.55592;0.471737;0.754464]}+{36.613:[6.52461;0.37631;0.741523]}+{36.713:[6.4933;0.280883;0.728583]}+{36.813:[6.46199;0.185456;0.715643]}+],
36.517,6.55273,0.472171,0.756886,6.55273,0.472171,0.756886,-0.356757,-0.950788,-0.101137,0.987178,-0.241611,-0.0927615,0.490835,1,0.480956,1,-0.348896,-0,1,[{36.614:[6.51705;0.377092;0.746773]}+{36.714:[6.48137;0.282013;0.736659]}+{36.814:[6.4457;0.186934;0.726545]}+{36.914:[6.41002;0.0918557;0.716431]}+],
36.617,6.51878,0.3883,0.748209,6.51878,0.3883,0.748209,-0.348473,-0.876392,0.0480279,0.905864,-0.253542,-0.0832485,1000,1,0.5,1,-0.348896,-0,0.294669,[{36.71:[6.48393;0.300661;0.753011]}+{36.81:[6.44909;0.213021;0.757814]}+{36.91:[6.41424;0.125382;0.762617]}+{37.01:[6.37939;0.0377431;0.76742]}+],
36.717,6.48162,0.299537,0.739903,6.48162,0.299537,0.739903,-0.28165,-0.682282,0.100269,0.713361,-0.205933,-0.0599801,1000,1,0.5,1,-0.348896,-0,0.0884603,[{36.81:[6.45346;0.231309;0.74993]}+{36.91:[6.42529;0.163081;0.759957]}+{37.01:[6.39713;0.0948525;0.769984]}+{37.11:[6.36896;0.0266243;0.780011]}+],
36.817,6.45423,0.234772,0.734592,6.45843,0.244697,0.735415,-0.198655,-0.480229,0.0547324,0.49965,-0.145002,-0.0490214,1000,1,0.5,1,-0.348896,-0,0.0342016,[{36.915:[6.43856;0.196674;0.740888]}+{37.015:[6.41869;0.148651;0.746362]}+{37.115:[6.39883;0.100628;0.751835]}+{37.215:[6.37896;0.0526056;0.757308]}+],
36.917,6.43835,0.196492,0.731718,6.43958,0.199565,0.732095,-0.115065,-0.29917,0.0286414,0.310228,-0.0819948,-0.0244616,1000,1,0.5,1,-0.348896,-0,0.0233434,[{37.015:[6.42807;0.169648;0.734959]}+{37.115:[6.41656;0.139731;0.737823]}+{37.215:[6.40506;0.109814;0.740688]}+{37.315:[6.39355;0.0798972;0.743552]}+],
37.017,6.43045,0.175703,0.729658,6.43108,0.177469,0.729924,-0.0533605,-0.161992,-0.00788033,0.16448,-0.0351314,-0.0293791,1000,1,0.5,1,-0.348896,-0,-0,[{37.11:[6.42574;0.16127;0.729136]}+{37.21:[6.4204;0.145071;0.728348]}+{37.31:[6.41507;0.128871;0.72756]}+{37.41:[6.40973;0.112672;0.726772]}+],
37.117,6.42696,0.163665,0.727375,6.42719,0.164955,0.727736,-0.00903949,-0.0593645,-0.0241424,0.0576911,-0.00122609,-0.0293078,1000,1,0.5,1,-0.348896,-0,0.750455,[{37.215:[6.42628;0.159018;0.725322]}+{37.315:[6.42538;0.153082;0.722908]}+{37.415:[6.42447;0.147146;0.720494]}+{37.515:[6.42357;0.141209;0.71808]}+],
37.217,6.42758,0.1621,0.72683,6.42726,0.161838,0.726687,0.0156986,0.0116703,-0.00641579,-0.0138137,0.0141594,-0.00570065,1000,1,0.5,1,-0.348896,-0,1,[{37.31:[6.42883;0.163005;0.726045]}+{37.41:[6.4304;0.164172;0.725404]}+{37.51:[6.43197;0.165339;0.724762]}+{37.61:[6.43354;0.166506;0.724121]}+],
37.317,6.43021,0.166569,0.727555,6.42958,0.165275,0.727444,0.0304374,0.0651223,0.00334932,-0.0677888,0.0234635,0.0057186,1000,1,0.5,1,-0.338037,-0,1,[{37.41:[6.43262;0.171787;0.727779]}+{37.51:[6.43566;0.1783;0.728114]}+{37.61:[6.43871;0.184812;0.728449]}+{37.71:[6.44175;0.191324;0.728783]}+],
37.421,6.43355,0.174308,0.727806,6.43355,0.174308,0.727806,0.0406663,0.100785,0.0105714,-0.104789,0.0280806,0.0124021,1000,1,0.5,0.565963,-0.251204,-0,1,[{37.51:[6.43762;0.184387;0.728863]}+{37.61:[6.44168;0.194465;0.72992]}+{37.71:[6.44575;0.204543;0.730977]}+{37.81:[6.44982;0.214622;0.732034]}+],
37.518,6.43765,0.185538,0.72883,6.43765,0.185538,0.72883,0.0423256,0.12391,0.0062787,-0.128145,0.0269092,0.0062787,1000,1,0.5,-0,-0,-0,1,[{37.615:[6.44188;0.197929;0.729458]}+{37.715:[6.44612;0.21032;0.730086]}+{37.815:[6.45035;0.222711;0.730714]}+{37.915:[6.45458;0.235102;0.731341]}+],
37.617,6.44188,0.199181,0.730376,6.44188,0.199181,0.730376,0.0342558,0.114052,0.0110737,-0.114949,0.0322601,0.00706632,1000,0,0.5,0.891515,-0,-0,1,[{37.71:[6.4453;0.210586;0.731483]}+{37.81:[6.44873;0.221991;0.73259]}+{37.91:[6.45215;0.233396;0.733698]}+{38.01:[6.45558;0.244802;0.734805]}+],
37.717,6.44428,0.205288,0.730697,6.44428,0.205288,0.730697,0.0236889,-0.017438,-0.0169254,0.0225305,0.0218572,-0.0128979,1000,0,0.5,1,-0,-0,0.631079,[{37.815:[6.44665;0.203544;0.729005]}+{37.915:[6.44902;0.201801;0.727312]}+{38.015:[6.45138;0.200057;0.72562]}+{38.115:[6.45375;0.198313;0.723927]}+],
37.817,6.44643,0.193776,0.729823,6.44597,0.197974,0.730109,0.025077,-0.225998,-0.0626265,0.23563,-0.00282403,-0.00982664,1000,0,0.5,1,-0,-0,0.218694,[{37.91:[6.44848;0.175375;0.723846]}+{38.01:[6.45099;0.152775;0.717583]}+{38.11:[6.4535;0.130175;0.711321]}+{38.21:[6.45601;0.107575;0.705058]}+],
37.917,6.44968,0.158619,0.727758,6.44968,0.158619,0.727758,0.0517238,-0.475191,-0.101608,0.487578,-0.0315781,-0.00873377,1000,0,0.5,1,-0,-0,1,[{38.01:[6.45486;0.1111;0.717597]}+{38.11:[6.46003;0.0635812;0.707436]}+{38.21:[6.4652;0.0160621;0.697275]}+{38.31:[6.47037;-0.031457;0.687115]}+],
38.017,6.45584,0.0961161,0.725309,6.45584,0.0961161,0.725309,0.0798042,-0.648999,-0.111484,0.655085,-0.102176,-0.0205129,1000,0,0.5,1,-0,-0,1,[{38.114:[6.46382;0.0312162;0.714161]}+{38.214:[6.4718;-0.0336837;0.703012]}+{38.314:[6.47978;-0.0985837;0.691864]}+{38.414:[6.48776;-0.163484;0.680716]}+],
38.117,6.46365,0.0314238,0.723264,6.46365,0.0314238,0.723264,0.10795,-0.774651,-0.089137,0.766755,-0.176831,-0.0223951,1000,0,0.5,1,-0,-0,0.631079,[{38.215:[6.47445;-0.0460414;0.714351]}+{38.315:[6.48524;-0.123507;0.705437]}+{38.415:[6.49604;-0.200972;0.696523]}+{38.515:[6.50683;-0.278437;0.687609]}+],
38.217,6.47773,-0.0581982,0.720562,6.47773,-0.0581983,0.720562,0.150809,-0.847883,-0.0713111,0.841988,-0.192474,-0.0272823,1000,0,0.5,1,-0,-0,-0,[{38.315:[6.49281;-0.142987;0.713431]}+{38.415:[6.50789;-0.227775;0.7063]}+{38.515:[6.52297;-0.312563;0.699169]}+{38.615:[6.53805;-0.397351;0.692038]}+],
38.317,6.49513,-0.145328,0.718357,6.49128,-0.127654,0.718787,0.201456,-0.883374,-0.0595349,0.8934,-0.159201,-0.0311562,1000,0,0.5,1,-0.0450277,-0,-1,[{38.415:[6.51143;-0.215992;0.712833]}+{38.515:[6.53157;-0.304329;0.70688]}+{38.615:[6.55172;-0.392667;0.700926]}+{38.715:[6.57186;-0.481004;0.694973]}+],
38.417,6.51671,-0.235077,0.716597,6.51442,-0.226016,0.716713,0.230311,-0.906273,-0.0341831,0.934464,-0.0444021,-0.0186549,1000,0,0.5,1,-0.0450277,-0.00162712,-1,[{38.515:[6.53745;-0.316643;0.713294]}+{38.615:[6.56048;-0.40727;0.709876]}+{38.715:[6.58352;-0.497898;0.706458]}+{38.815:[6.60655;-0.588525;0.703039]}+],
38.517,6.53789,-0.31715,0.715167,6.53789,-0.31715,0.715167,0.233779,-0.903905,0.0464535,0.934479,0.0244534,-0.00245666,1000,1,0.5,1,-0.0341695,-0,-0,[{38.61:[6.56127;-0.40754;0.719812]}+{38.71:[6.58465;-0.497931;0.724458]}+{38.81:[6.60803;-0.588321;0.729103]}+{38.91:[6.6314;-0.678712;0.733748]}+],
38.617,6.56159,-0.41147,0.712884,6.5577,-0.395559,0.713493,0.191257,-0.779137,0.0880049,0.805286,0.0110872,-0.0526312,1000,1,0.5,1,-0,-0,-0,[{38.715:[6.57683;-0.473473;0.722294]}+{38.815:[6.59595;-0.551386;0.731094]}+{38.915:[6.61508;-0.6293;0.739895]}+{39.015:[6.6342;-0.707214;0.748695]}+],
38.717,6.57615,-0.473517,0.709468,6.57615,-0.473517,0.709468,0.126056,-0.564225,0.102266,0.586749,-0.0040975,-0.0201671,1000,1,0.5,1,-0,-0,-0,[{38.815:[6.58876;-0.52994;0.719695]}+{38.915:[6.60136;-0.586362;0.729921]}+{39.015:[6.61397;-0.642784;0.740148]}+{39.115:[6.62657;-0.699207;0.750374]}+],
38.817,6.58719,-0.526465,0.705926,6.58568,-0.518661,0.706603,0.0773211,-0.375494,0.0249338,0.380766,-0.0158158,-0.0486129,1000,1,0.5,1,-0,-0,-0,[{38.915:[6.59342;-0.55621;0.709096]}+{39.015:[6.60115;-0.59376;0.711589]}+{39.115:[6.60888;-0.631309;0.714083]}+{39.215:[6.61661;-0.668858;0.716576]}+],
38.917,6.59163,-0.552312,0.703657,6.59163,-0.552312,0.703657,0.0330752,-0.200066,-0.000516272,0.200086,-0.0163077,-0.0286416,1000,1,0.5,-0,-0,-0,1,[{39.015:[6.59494;-0.572319;0.703605]}+{39.115:[6.59825;-0.592325;0.703554]}+{39.215:[6.60155;-0.612332;0.703502]}+{39.315:[6.60486;-0.632339;0.703451]}+],
39.017,6.59323,-0.566705,0.702778,6.59323,-0.566705,0.702778,-0.0011552,-0.0759315,-0.000293663,0.0730916,-0.0194904,-0.00668947,1000,1,0.5,-0,-0,-0,1,[{39.115:[6.59312;-0.574298;0.702749]}+{39.215:[6.593;-0.581891;0.70272]}+{39.315:[6.59288;-0.589485;0.70269]}+{39.415:[6.59277;-0.597078;0.702661]}+],
39.117,6.59208,-0.570656,0.701017,6.59248,-0.570543,0.701393,-0.0239946,0.00770614,-0.0120566,-0.0140907,-0.0214176,-0.0111007,1000,1,0.5,-0,-0,-0,1,[{39.21:[6.59008;-0.569772;0.700188]}+{39.31:[6.58768;-0.569002;0.698982]}+{39.41:[6.58528;-0.568231;0.697776]}+{39.51:[6.58288;-0.567461;0.696571]}+],
39.217,6.58936,-0.567871,0.699568,6.58936,-0.567871,0.699568,-0.042109,0.0693319,0.00442242,-0.0771219,-0.0240853,0.00847028,1000,1,0.5,-0,-0,-0,1,[{39.314:[6.58515;-0.560938;0.70001]}+{39.414:[6.58093;-0.554005;0.700452]}+{39.514:[6.57672;-0.547071;0.700894]}+{39.614:[6.57251;-0.540138;0.701337]}+],
39.317,6.58434,-0.55844,0.698051,6.58434,-0.55844,0.698051,-0.0543939,0.112093,-0.0254807,-0.121882,-0.0277845,-0.0233571,1000,1,0.5,0.0776021,-0,-0,1,[{39.415:[6.5789;-0.54723;0.695503]}+{39.515:[6.57346;-0.536021;0.692955]}+{39.615:[6.56802;-0.524812;0.690407]}+{39.715:[6.56258;-0.513602;0.687859]}+],
39.417,6.5785,-0.545938,0.697043,6.5785,-0.545938,0.697043,-0.0645115,0.13886,-0.0332888,-0.1509,-0.0290019,-0.0306599,1000,1,0.5,1,-0.186087,-0,-0,[{39.515:[6.57205;-0.532052;0.693714]}+{39.615:[6.5656;-0.518166;0.690385]}+{39.715:[6.55915;-0.50428;0.687056]}+{39.815:[6.5527;-0.490394;0.683727]}+],
39.517,6.57206,-0.531088,0.695668,6.57206,-0.531088,0.695668,-0.0689226,0.145298,-0.0152367,-0.156642,-0.0317246,-0.0234668,0.430063,0,2.66234,1,-0.186087,-0,-0,[{39.615:[6.56517;-0.516558;0.694144]}+{39.715:[6.55828;-0.502028;0.692621]}+{39.815:[6.55139;-0.487499;0.691097]}+{39.915:[6.5445;-0.472969;0.689573]}+],
39.619,6.56571,-0.521911,0.694406,6.56571,-0.521911,0.694406,-0.056475,-0.0116344,-0.0201926,0.00187638,-0.0582835,-0.0182219,0.349658,0,5.72324,1,-0.186087,-0,-0,[{39.715:[6.56006;-0.523075;0.692387]}+{39.815:[6.55441;-0.524238;0.690368]}+{39.915:[6.54876;-0.525401;0.688349]}+{40.015:[6.54312;-0.526565;0.686329]}+],
39.717,6.56095,-0.533131,0.692256,6.56095,-0.533131,0.692256,-0.0332303,-0.246931,-0.0878885,0.245941,-0.0929464,-0.0260311,1000,0,0.5,1,-0.186087,-0,-0,[{39.81:[6.55763;-0.557825;0.683467]}+{39.91:[6.55431;-0.582518;0.674678]}+{40.01:[6.55098;-0.607211;0.665889]}+{40.11:[6.54766;-0.631904;0.6571]}+],
39.817,6.5583,-0.574138,0.689382,6.55876,-0.560092,0.690116,-0.00923551,-0.480682,-0.133677,0.481819,-0.125827,-0.0320589,1000,0,0.5,1,-0.186087,-0,-0,[{39.915:[6.55783;-0.60816;0.676748]}+{40.015:[6.55691;-0.656229;0.663381]}+{40.115:[6.55598;-0.704297;0.650013]}+{40.215:[6.55506;-0.752365;0.636645]}+],
39.918,6.5578,-0.633872,0.686674,6.55778,-0.620472,0.687074,0.010434,-0.673397,-0.127673,0.667815,-0.153172,-0.0208229,1000,0,0.5,1,-0.186087,-0,-0,[{40.015:[6.55882;-0.687811;0.674306]}+{40.115:[6.55987;-0.755151;0.661539]}+{40.215:[6.56091;-0.822491;0.648772]}+{40.315:[6.56195;-0.88983;0.636005]}+],
40.017,6.55867,-0.701301,0.68494,6.55867,-0.701301,0.68494,0.0208361,-0.807173,-0.099226,0.793886,-0.175056,-0.030149,1000,0,0.5,1,-0.186087,-0,1,[{40.115:[6.56076;-0.782018;0.675017]}+{40.215:[6.56284;-0.862735;0.665095]}+{40.315:[6.56493;-0.943453;0.655172]}+{40.415:[6.56701;-1.02417;0.645249]}+],
40.117,6.56074,-0.786311,0.682526,6.56074,-0.786311,0.682526,0.0452734,-0.884573,-0.0627013,0.848832,-0.259999,-0.0183019,1000,0,0.5,0.587679,-0.0450277,-0,1,[{40.21:[6.56527;-0.874768;0.676255]}+{40.31:[6.56979;-0.963225;0.669985]}+{40.41:[6.57432;-1.05168;0.663715]}+{40.51:[6.57885;-1.14014;0.657445]}+],
40.217,6.56574,-0.885054,0.679691,6.56521,-0.876302,0.679943,0.066833,-0.86297,0.0833124,0.809229,-0.317729,-0.0179354,1000,0,0.5,-0,-0,-0,1,[{40.31:[6.57189;-0.962599;0.688274]}+{40.41:[6.57858;-1.0489;0.696605]}+{40.51:[6.58526;-1.13519;0.704936]}+{40.61:[6.59194;-1.22149;0.713268]}+],
40.317,6.57059,-0.963968,0.677419,6.56974,-0.949644,0.67783,0.0485591,-0.687687,0.107695,0.618374,-0.322473,-0.0222286,1000,0,0.5,-0,-0,-0,1,[{40.415:[6.5746;-1.01841;0.6886]}+{40.515:[6.57946;-1.08718;0.699369]}+{40.615:[6.58431;-1.15595;0.710139]}+{40.715:[6.58917;-1.22472;0.720908]}+],
40.417,6.57348,-1.02338,0.675273,6.57259,-1.0021,0.675984,0.019214,-0.490824,0.0608806,0.408108,-0.278713,-0.0273942,1000,0,0.5,-0,-0,-0,1,[{40.515:[6.57451;-1.05118;0.682072]}+{40.615:[6.57643;-1.10027;0.68816]}+{40.715:[6.57835;-1.14935;0.694248]}+{40.815:[6.58027;-1.19843;0.700336]}+],
40.517,6.57437,-1.06042,0.673345,6.57437,-1.06042,0.673345,0.0075134,-0.319387,0.0209292,0.239589,-0.211158,-0.022627,1000,0,0.5,-0,-0,-0,1,[{40.615:[6.57513;-1.09236;0.675438]}+{40.715:[6.57588;-1.1243;0.677531]}+{40.815:[6.57663;-1.15624;0.679624]}+{40.915:[6.57738;-1.18817;0.681717]}+],
40.618,6.57453,-1.08898,0.671563,6.57452,-1.087,0.671661,0.00371531,-0.192225,0.00663841,0.131552,-0.140006,-0.0100376,1000,0,0.5,-0,-0,-0,1,[{40.715:[6.57489;-1.10622;0.672325]}+{40.815:[6.57526;-1.12544;0.672989]}+{40.915:[6.57563;-1.14466;0.673653]}+{41.015:[6.576;-1.16389;0.674316]}+],
40.717,6.57479,-1.10259,0.670192,6.57479,-1.10259,0.670192,0.00904718,-0.103201,0.00437087,0.0680455,-0.0782333,-0.000911865,1000,0,0.5,-0,-0,-0,1,[{40.81:[6.57569;-1.11291;0.670629]}+{40.91:[6.5766;-1.12323;0.671066]}+{41.01:[6.5775;-1.13355;0.671503]}+{41.11:[6.57841;-1.14387;0.67194]}+],
40.817,6.5759,-1.11149,0.66902,6.57561,-1.11032,0.669161,0.0172747,-0.0520829,0.00150274,0.0410018,-0.0364884,0.000866063,1000,0,0.5,-0,-0,-0,1,[{40.915:[6.57734;-1.11553;0.669311]}+{41.015:[6.57907;-1.12073;0.669462]}+{41.115:[6.5808;-1.12594;0.669612]}+{41.215:[6.58252;-1.13115;0.669762]}+],
40.917,6.57762,-1.11499,0.668145,6.57762,-1.11499,0.668145,0.026202,-0.0174405,0.0103896,0.0311177,-0.0049136,0.0103054,1000,0,0.5,-0,-0,-0,1,[{41.014:[6.58024;-1.11674;0.669184]}+{41.114:[6.58286;-1.11848;0.670223]}+{41.214:[6.58548;-1.12022;0.671261]}+{41.314:[6.5881;-1.12197;0.6723]}+],
41.017,6.58041,-1.11609,0.667719,6.58041,-1.11609,0.667719,0.0332968,0.00284725,0.00354906,0.0305558,0.0135325,0.00354906,1000,0,0.5,-0,-0,-0,1,[{41.11:[6.58374;-1.1158;0.668074]}+{41.21:[6.58707;-1.11552;0.668429]}+{41.31:[6.5904;-1.11523;0.668784]}+{41.41:[6.59373;-1.11495;0.669139]}+],
41.117,6.58386,-1.11566,0.667059,6.58386,-1.11566,0.667059,0.0443897,0.0120271,-0.00435104,0.0406736,0.0217044,-0.00293334,1000,0,0.5,1,-0,-0,1,[{41.21:[6.5883;-1.11445;0.666624]}+{41.31:[6.59274;-1.11325;0.666189]}+{41.41:[6.59718;-1.11205;0.665754]}+{41.51:[6.60162;-1.11085;0.665319]}+],
41.217,6.59239,-1.11551,0.666144,6.59239,-1.11551,0.666144,0.163845,-0.00586652,-0.0561805,0.170613,0.0141449,-0.0269635,1000,0,0.5,1,-0,-0,1,[{41.309:[6.60878;-1.1161;0.660526]}+{41.409:[6.62516;-1.11669;0.654908]}+{41.509:[6.64155;-1.11727;0.64929]}+{41.609:[6.65793;-1.11786;0.643672]}+],
41.317,6.62149,-1.11813,0.664688,6.6178,-1.11778,0.664798,0.368905,-0.0326301,-0.08545,0.379504,-0.0197356,-0.00669305,1000,0,0.5,1,-0,-0,1,[{41.415:[6.65469;-1.12105;0.656253]}+{41.515:[6.69158;-1.12431;0.647708]}+{41.615:[6.72847;-1.12757;0.639163]}+{41.715:[6.76536;-1.13083;0.630618]}+],
41.417,6.66352,-1.12179,0.663973,6.66352,-1.12179,0.663973,0.560193,-0.0492525,-0.0795327,0.564804,-0.0590217,0.00893214,1000,0,0.5,1,-0.0884282,-0,-0,[{41.515:[6.71954;-1.12672;0.65602]}+{41.615:[6.77556;-1.13164;0.648066]}+{41.715:[6.83158;-1.13657;0.640113]}+{41.815:[6.8876;-1.14149;0.63216]}+],
41.517,6.7329,-1.12632,0.663775,6.72594,-1.12591,0.663922,0.697817,-0.047474,-0.0788872,0.70131,-0.0596453,-0.00561105,0.505877,0,0.718713,1,-0.0992863,-0,-0,[{41.61:[6.79572;-1.13066;0.656033]}+{41.71:[6.8655;-1.13541;0.648145]}+{41.81:[6.93528;-1.14016;0.640256]}+{41.91:[7.00506;-1.1449;0.632367]}+],
41.617,6.80833,-1.13053,0.662881,6.79248,-1.12965,0.663028,0.797549,-0.0476327,-0.0630109,0.799051,-0.0615446,-0.0072897,1000,0,0.5,1,-0.0992863,-0,-0,[{41.71:[6.87224;-1.13442;0.656727]}+{41.81:[6.95199;-1.13918;0.650426]}+{41.91:[7.03175;-1.14394;0.644125]}+{42.01:[7.1115;-1.14871;0.637824]}+],
41.717,6.88319,-1.13479,0.661549,6.88319,-1.13479,0.661549,0.847922,-0.0512271,-0.0078058,0.84611,-0.0660176,-0.0373574,1000,1,0.5,1,-0.0992863,-0,-0,[{41.815:[6.96799;-1.13991;0.660769]}+{41.915:[7.05278;-1.14503;0.659988]}+{42.015:[7.13757;-1.15016;0.659208]}+{42.115:[7.22236;-1.15528;0.658427]}+],
41.817,6.96418,-1.13935,0.658982,6.96418,-1.13935,0.658982,0.725081,-0.0396847,0.0905017,0.72899,-0.0516856,-0.0375506,1000,1,0.5,1,-0.0992863,-0,-0,[{41.915:[7.03668;-1.14332;0.668032]}+{42.015:[7.10919;-1.14729;0.677082]}+{42.115:[7.1817;-1.15126;0.686133]}+{42.215:[7.25421;-1.15523;0.695183]}+],
41.917,7.02949,-1.14243,0.654938,7.02949,-1.14243,0.654938,0.530341,-0.023253,0.0696656,0.533412,-0.0325052,-0.0327154,1000,1,0.5,1,-0.0992863,-0,-0,[{42.015:[7.08252;-1.14476;0.661904]}+{42.115:[7.13556;-1.14708;0.668871]}+{42.215:[7.18859;-1.14941;0.675837]}+{42.315:[7.24162;-1.15173;0.682804]}+],
42.017,7.07821,-1.14452,0.652485,7.07473,-1.14436,0.652664,0.335129,-0.0212332,0.0484368,0.338449,-0.0212332,-0.0104936,1000,1,0.5,1,-0.0992863,-0,-0,[{42.11:[7.10824;-1.14649;0.657508]}+{42.21:[7.14176;-1.14861;0.662352]}+{42.31:[7.17527;-1.15073;0.667195]}+{42.41:[7.20878;-1.15286;0.672039]}+],
42.117,7.10199,-1.1454,0.651006,7.10199,-1.1454,0.651006,0.179071,-0.00411495,0.0188325,0.179949,-0.00411495,-0.00627253,1000,1,0.5,1,-0.0992863,-0,-0.00162712,[{42.21:[7.1199;-1.14582;0.652889]}+{42.31:[7.1378;-1.14623;0.654772]}+{42.41:[7.15571;-1.14664;0.656655]}+{42.51:[7.17362;-1.14705;0.658539]}+],
42.217,7.11539,-1.14499,0.648997,7.11325,-1.14523,0.649386,0.054297,0.00851549,0.00201918,0.0542106,0.00851549,-0.00366747,1000,1,0.5,1,-0.0992863,-0,-0.348896,[{42.315:[7.11868;-1.14438;0.649588]}+{42.415:[7.12411;-1.14353;0.64979]}+{42.515:[7.12954;-1.14268;0.649992]}+{42.615:[7.13497;-1.14183;0.650194]}+],
42.317,7.11657,-1.14414,0.648096,7.11657,-1.14414,0.648096,-0.0314292,0.0118659,-0.0276198,-0.0332793,0.0118659,-0.0253601,1000,1,0.5,1,-0.0992863,-0,-0.544214,[{42.415:[7.11343;-1.14295;0.645334]}+{42.515:[7.11028;-1.14177;0.642572]}+{42.615:[7.10714;-1.14058;0.63981]}+{42.715:[7.104;-1.13939;0.637048]}+],
42.417,7.10962,-1.1427,0.646777,7.1121,-1.14307,0.646784,-0.0899204,0.013408,0.0120014,-0.0894467,0.013408,0.0151323,1000,1,0.5,1,-0.0992863,-0,-1,[{42.51:[7.10311;-1.14172;0.647984]}+{42.61:[7.09412;-1.14038;0.649184]}+{42.71:[7.08513;-1.13904;0.650384]}+{42.81:[7.07614;-1.1377;0.651585]}+],
42.517,7.10017,-1.14171,0.646611,7.10017,-1.14171,0.646611,-0.120183,0.0125269,0.0025644,-0.12012,0.0125269,0.0046615,1000,1,0.5,1,-0.0992863,-0,-0.587647,[{42.61:[7.08815;-1.14045;0.646868]}+{42.71:[7.07613;-1.1392;0.647124]}+{42.81:[7.06411;-1.13795;0.647381]}+{42.91:[7.05209;-1.1367;0.647637]}+],
42.617,7.08734,-1.14076,0.646077,7.08734,-1.14076,0.646077,-0.139829,0.00971024,-0.000739854,-0.13982,0.00971024,0.00170061,1000,1,0.5,1,-0.0992863,-0,-0.262062,[{42.715:[7.07335;-1.13979;0.646003]}+{42.815:[7.05937;-1.13882;0.645929]}+{42.915:[7.04539;-1.13785;0.645855]}+{43.015:[7.0314;-1.13688;0.645781]}+],
42.717,7.07131,-1.13992,0.64548,7.07578,-1.14018,0.645579,-0.14399,0.0103692,-0.00505125,-0.143529,0.0103692,-0.0125802,1000,0,0.5,1,-0.0884282,-0,-0,[{42.815:[7.06138;-1.13914;0.645074]}+{42.915:[7.04698;-1.13811;0.644569]}+{43.015:[7.03258;-1.13707;0.644064]}+{43.115:[7.01818;-1.13603;0.643559]}+],
42.817,7.06339,-1.13954,0.646192,7.06339,-1.13954,0.646192,0.0121753,-0.00170018,0.00882712,0.010074,-0.00170018,0.0111656,0.420413,0,27.7789,1,-0.0992863,-0,-0,[{42.915:[7.06461;-1.13971;0.647075]}+{43.015:[7.06582;-1.13988;0.647958]}+{43.115:[7.06704;-1.14005;0.64884]}+{43.215:[7.06826;-1.14022;0.649723]}+],
42.917,7.07145,-1.14012,0.646323,7.07145,-1.14012,0.646323,0.235305,-0.0193241,-0.054734,0.241587,-0.0193281,-6.16913e-05,1000,0,0.5,1,-0.0884282,-0,-0,[{43.015:[7.09498;-1.14205;0.64085]}+{43.115:[7.11851;-1.14398;0.635377]}+{43.215:[7.14205;-1.14591;0.629903]}+{43.315:[7.16558;-1.14785;0.62443]}+],
43.017,7.10689,-1.14237,0.645949,7.10689,-1.14237,0.645949,0.452133,-0.0310469,-0.0899415,0.460988,-0.0310469,-0.0020179,1000,0,0.5,1,-0.0884282,-0,-0,[{43.109:[7.15211;-1.14547;0.636955]}+{43.209:[7.19732;-1.14858;0.627961]}+{43.309:[7.24253;-1.15168;0.618966]}+{43.409:[7.28775;-1.15479;0.609972]}+],
43.117,7.15439,-1.14494,0.645977,7.15439,-1.14494,0.645977,0.629249,-0.0365635,-0.0899127,0.635639,-0.0365635,-0.00146315,1000,0,0.5,1,-0.0884282,-0,-0,[{43.21:[7.21731;-1.1486;0.636986]}+{43.31:[7.28024;-1.15225;0.627995]}+{43.41:[7.34316;-1.15591;0.619004]}+{43.51:[7.40609;-1.15957;0.610012]}+],
43.217,7.23708,-1.14895,0.645665,7.22207,-1.14825,0.645694,0.757542,-0.0410404,-0.0613214,0.760004,-0.0410404,0.00493606,1000,0,0.5,1,-0.0884282,-0,-0,[{43.31:[7.29783;-1.15236;0.639562]}+{43.41:[7.37358;-1.15646;0.63343]}+{43.51:[7.44933;-1.16056;0.627298]}+{43.61:[7.52509;-1.16467;0.621166]}+],
43.317,7.31717,-1.15249,0.645266,7.30057,-1.15179,0.645288,0.83537,-0.0338963,-0.0393904,0.836286,-0.0338963,0.00438347,1000,0,0.5,1,-0.0884282,-0,-0.153545,[{43.41:[7.38411;-1.15518;0.641349]}+{43.51:[7.46764;-1.15857;0.63741]}+{43.61:[7.55118;-1.16195;0.633471]}+{43.71:[7.63472;-1.16534;0.629532]}+],
43.417,7.38561,-1.1553,0.645016,7.38561,-1.1553,0.645016,0.877262,-0.0344746,-0.0530602,0.879048,-0.019159,-0.0223955,1000,0,0.5,1,-0.0884282,-0,-0.446555,[{43.514:[7.47334;-1.15875;0.63971]}+{43.614:[7.56107;-1.16219;0.634404]}+{43.714:[7.64879;-1.16564;0.629098]}+{43.814:[7.73652;-1.16909;0.623792]}+],
43.517,7.48341,-1.15929,0.644444,7.48342,-1.15929,0.644444,0.902884,-0.032696,-0.0112529,0.902298,0.0461199,-0.0112529,1000,0,0.5,1,-0.0884282,-0,-1,[{43.615:[7.5737;-1.16256;0.643319]}+{43.715:[7.66399;-1.16583;0.642193]}+{43.815:[7.75428;-1.1691;0.641068]}+{43.915:[7.84457;-1.17237;0.639943]}+],
43.617,7.58346,-1.1645,0.644019,7.5743,-1.16393,0.644014,0.916301,-0.0541347,0.00161378,0.909796,0.121708,-0.000510395,1000,0,0.5,1,-0.0884282,-0,-0.0558858,[{43.714:[7.66593;-1.16934;0.644175]}+{43.814:[7.75756;-1.17475;0.644337]}+{43.914:[7.84919;-1.18017;0.644498]}+{44.014:[7.94082;-1.18558;0.64466]}+],
43.718,7.66623,-1.17122,0.644289,7.66623,-1.17122,0.644289,0.921965,-0.0886338,0.00532576,0.920246,0.105067,0.00349261,1000,0,0.5,1,-0.0884282,-0,-0,[{43.815:[7.75843;-1.18009;0.644822]}+{43.915:[7.85063;-1.18895;0.645355]}+{44.015:[7.94282;-1.19781;0.645887]}+{44.115:[8.03502;-1.20668;0.64642]}+],
43.817,7.75843,-1.18208,0.644713,7.75843,-1.18208,0.644713,0.92171,-0.125687,0.0273044,0.927701,0.069605,0.0248904,1000,0,0.5,1,-0.0884282,-0,-0,[{43.915:[7.8506;-1.19465;0.647444]}+{44.015:[7.94277;-1.20722;0.650174]}+{44.115:[8.03495;-1.21979;0.652905]}+{44.215:[8.12712;-1.23235;0.655635]}+],
43.917,7.85021,-1.19656,0.645208,7.85021,-1.19656,0.645208,0.914428,-0.158239,0.00519703,0.927346,0.0354993,0.00396054,1000,0,0.5,1,-0.0884282,-0,-0,[{44.01:[7.94165;-1.21238;0.645728]}+{44.11:[8.03309;-1.22821;0.646247]}+{44.21:[8.12453;-1.24403;0.646767]}+{44.31:[8.21598;-1.25985;0.647287]}+],
44.017,7.94139,-1.21443,0.645076,7.94139,-1.21443,0.645076,0.913321,-0.185549,-0.000300108,0.93194,0.00838952,-0.000446594,1000,0,0.5,1,-0.0884282,-0,-0,[{44.11:[8.03273;-1.23299;0.645046]}+{44.21:[8.12406;-1.25154;0.645016]}+{44.31:[8.21539;-1.2701;0.644986]}+{44.41:[8.30672;-1.28865;0.644956]}+],
44.117,8.02338,-1.23274,0.644945,8.02338,-1.23274,0.644945,0.913398,-0.205732,-0.00650772,0.936213,-0.0113302,-0.00650772,1000,0,0.5,1,-0.0884282,-0,-0,[{44.214:[8.11472;-1.25332;0.644295]}+{44.314:[8.20606;-1.27389;0.643644]}+{44.414:[8.2974;-1.29446;0.642993]}+{44.514:[8.38874;-1.31504;0.642342]}+],
44.217,8.13298,-1.25899,0.644767,8.12383,-1.25674,0.644718,0.917461,-0.214917,-0.00544692,0.942095,-0.0194693,-0.00544692,1000,0,0.5,1,-0.0884282,-0,0.739597,[{44.305:[8.21557;-1.27823;0.644173]}+{44.405:[8.30732;-1.29973;0.643628]}+{44.505:[8.39906;-1.32122;0.643084]}+{44.605:[8.49081;-1.34271;0.642539]}+],
44.317,8.21496,-1.27962,0.644242,8.21496,-1.27962,0.644242,0.875622,-0.210924,0.102186,0.900584,-0.10264,-0.007624,1000,0,0.5,-0,-0,-0,1,[{44.41:[8.30253;-1.30072;0.654461]}+{44.51:[8.39009;-1.32181;0.664679]}+{44.61:[8.47765;-1.3429;0.674898]}+{44.71:[8.56521;-1.36399;0.685117]}+],
44.417,8.30376,-1.30225,0.644386,8.30377,-1.30225,0.644386,0.696597,-0.174475,0.143894,0.719281,-0.137931,0.00196064,1000,0,0.5,-0,-0,-0,-0,[{44.514:[8.37342;-1.3197;0.658775]}+{44.614:[8.44308;-1.33714;0.673165]}+{44.714:[8.51274;-1.35459;0.687554]}+{44.814:[8.5824;-1.37204;0.701943]}+],
44.517,8.35934,-1.3162,0.644848,8.35934,-1.3162,0.644848,0.504065,-0.12152,0.094126,0.518329,-0.0947452,-0.00817665,1000,0,0.5,-0,-0,-0,-0,[{44.615:[8.40975;-1.32835;0.654261]}+{44.715:[8.46015;-1.3405;0.663673]}+{44.815:[8.51056;-1.35266;0.673086]}+{44.915:[8.56097;-1.36481;0.682498]}+],
44.617,8.40315,-1.32684,0.644435,8.40315,-1.32684,0.644435,0.348114,-0.0780312,0.0112701,0.349153,-0.0581373,-0.0459468,1000,0,0.5,-0,-0,-0,-0,[{44.715:[8.43797;-1.33464;0.645563]}+{44.815:[8.47278;-1.34245;0.64669]}+{44.915:[8.50759;-1.35025;0.647817]}+{45.015:[8.5424;-1.35805;0.648944]}+],
44.717,8.43167,-1.33256,0.636859,8.43167,-1.33256,0.636859,0.231055,-0.0318039,-0.0886211,0.217808,-0.0133551,-0.120968,1000,0,0.5,-0,-0,-0,-0,[{44.809:[8.45477;-1.33574;0.627997]}+{44.909:[8.47788;-1.33892;0.619135]}+{45.009:[8.50099;-1.3421;0.610273]}+{45.109:[8.52409;-1.34528;0.601411]}+],
44.817,8.44807,-1.33162,0.618616,8.4461,-1.33236,0.622609,0.108373,0.0321557,-0.194952,0.0855803,0.0484617,-0.202763,1000,0,0.5,-0,-0,-0,-0,[{44.915:[8.45694;-1.32914;0.603113]}+{45.015:[8.46777;-1.32593;0.583618]}+{45.115:[8.47861;-1.32271;0.564123]}+{45.215:[8.48945;-1.3195;0.544628]}+],
44.917,8.45238,-1.32557,0.597216,8.45238,-1.32557,0.597216,0.022904,0.0818925,-0.266456,-0.00149308,0.0925582,-0.263933,1000,0,0.5,-0,-0,-0,-0,[{45.015:[8.45467;-1.31738;0.57057]}+{45.115:[8.45696;-1.30919;0.543925]}+{45.215:[8.45925;-1.30101;0.517279]}+{45.315:[8.46154;-1.29282;0.490633]}+],
45.017,8.45019,-1.31393,0.565137,8.45101,-1.31625,0.571444,-0.0328349,0.116287,-0.326244,-0.0522275,0.113713,-0.324619,1000,0,0.5,-0,-0,-0,-0,[{45.11:[8.44773;-1.30462;0.538819]}+{45.21:[8.44444;-1.29299;0.506195]}+{45.31:[8.44116;-1.28136;0.473571]}+{45.41:[8.43788;-1.26973;0.440946]}+],
45.118,8.44441,-1.30174,0.531614,8.44573,-1.30422,0.538602,-0.0670199,0.124175,-0.349648,-0.0755186,0.119197,-0.349648,1000,0,0.5,-0,-0,-0,-0,[{45.214:[8.43903;-1.29181;0.503637]}+{45.314:[8.43233;-1.27939;0.468672]}+{45.414:[8.42562;-1.26697;0.433707]}+{45.514:[8.41892;-1.25455;0.398742]}+],
45.219,8.43813,-1.2907,0.498224,8.43953,-1.2931,0.505888,-0.0700588,0.116667,-0.378474,-0.0780264,0.111495,-0.378474,1000,0,0.5,-0,-0,-0,-0,[{45.31:[8.43253;-1.28143;0.468041]}+{45.41:[8.42552;-1.26977;0.430194]}+{45.51:[8.41852;-1.2581;0.392346]}+{45.61:[8.41151;-1.24643;0.354499]}+],
45.318,8.43091,-1.27842,0.45458,8.43151,-1.27948,0.458682,-0.0609207,0.104398,-0.414195,-0.0680547,0.0998943,-0.414195,1000,0,0.5,-0,-0,-0,-0,[{45.415:[8.42542;-1.26904;0.417262]}+{45.515:[8.41933;-1.2586;0.375842]}+{45.615:[8.41324;-1.24816;0.334423]}+{45.715:[8.40715;-1.23772;0.293003]}+],
45.417,8.426,-1.26959,0.416693,8.426,-1.26959,0.416693,-0.0489936,0.0891137,-0.441746,-0.0550905,0.085479,-0.441746,1000,0,0.5,-0,-0,-0,-0,[{45.51:[8.4211;-1.26068;0.372519]}+{45.61:[8.4162;-1.25177;0.328344]}+{45.71:[8.4113;-1.24286;0.284169]}+{45.81:[8.4064;-1.23395;0.239995]}+],
45.517,8.42136,-1.26052,0.368148,8.42209,-1.26203,0.377045,-0.0362033,0.0743428,-0.449941,-0.041301,0.0716363,-0.449941,1000,0,0.5,-0,-0,-0,-0,[{45.614:[8.41847;-1.2546;0.332051]}+{45.714:[8.41485;-1.24716;0.287057]}+{45.814:[8.41123;-1.23973;0.242063]}+{45.914:[8.40761;-1.23229;0.197069]}+],
45.617,8.41844,-1.25359,0.322364,8.41918,-1.25555,0.336121,-0.0235833,0.0628697,-0.455856,-0.0279114,0.0610715,-0.455856,1000,0,0.5,-0,-0,-0,-0,[{45.714:[8.41683;-1.24926;0.290535]}+{45.814:[8.41447;-1.24297;0.24495]}+{45.914:[8.41211;-1.23669;0.199364]}+{46.014:[8.40975;-1.2304;0.153778]}+],
45.717,8.41692,-1.249,0.285039,8.41692,-1.249,0.285039,-0.0141838,0.0486099,-0.473419,-0.0175401,0.0475021,-0.473419,1000,0,0.5,-0,-0,-0,-0,[{45.814:[8.4155;-1.24414;0.237697]}+{45.914:[8.41408;-1.23927;0.190356]}+{46.014:[8.41266;-1.23441;0.143014]}+{46.114:[8.41124;-1.22955;0.0956718]}+],
45.817,8.4159,-1.24455,0.237869,8.4159,-1.24455,0.237869,-0.00496553,0.0351549,-0.477935,-0.00740571,0.0347228,-0.477935,1000,0,0.5,-0,-0,-0,-0,[{45.914:[8.4154;-1.24103;0.190076]}+{46.014:[8.4149;-1.23752;0.142282]}+{46.114:[8.41441;-1.234;0.0944886]}+{46.214:[8.41391;-1.23049;0.0466951]}+],
45.917,8.41562,-1.24105,0.185432,8.41562,-1.24105,0.185432,0.000371827,0.026958,-0.473205,-0.00197913,0.0268878,-0.473205,1000,0,0.5,-0,-0,-0,-0,[{46.015:[8.41566;-1.23836;0.138112]}+{46.115:[8.4157;-1.23566;0.0907915]}+{46.215:[8.41573;-1.23297;0.043471]}+{46.315:[8.41577;-1.23027;-0.00384945]}+],
46.017,8.41567,-1.23838,0.102843,8.41567,-1.23838,0.102843,0.000255076,0.026562,-1.39717,-0.00206092,0.0264831,-1.39717,1000,0,0.5,-0,-0,-0,-0,[{46.113:[8.41569;-1.23572;-0.0368739]}+{46.213:[8.41572;-1.23306;-0.176591]}+{46.313:[8.41574;-1.23041;-0.316308]}+{46.413:[8.41577;-1.22775;-0.456025]}+],
46.117,8.41642,-1.23671,0.0399573,8.41642,-1.23671,0.0399573,9.66651e-09,-1.05201e-08,-3.18656e-08,1.05466e-08,-9.63757e-09,-3.18656e-08,1000,0,0.5,-0,-0,-0,-0,[{46.21:[8.41642;-1.23671;0.0399573]}+{46.31:[8.41642;-1.23671;0.0399573]}+{46.41:[8.41642;-1.23671;0.0399573]}+{46.51:[8.41642;-1.23671;0.0399572]}+],
46.217,8.41642,-1.23671,0.0399574,8.41642,-1.23671,0.0399574,1.96961e-08,6.10373e-08,-3.08185e-08,1.43014e-08,6.25217e-08,-3.08185e-08,1000,0,0.5,-0,-0,-0,-0,[{46.315:[8.41642;-1.23671;0.0399574]}+{46.415:[8.41642;-1.23671;0.0399574]}+{46.515:[8.41642;-1.23671;0.0399574]}+{46.615:[8.41642;-1.23671;0.0399574]}+],
46.317,8.41642,-1.23671,0.0399574,8.41642,-1.23671,0.0399574,1.71382e-10,1.12829e-08,-1.11506e-08,-8.12637e-10,1.12549e-08,-1.11506e-08,1000,0,0.5,-0,-0,-0,-0,[{46.415:[8.41642;-1.23671;0.0399574]}+{46.515:[8.41642;-1.23671;0.0399574]}+{46.615:[8.41642;-1.23671;0.0399574]}+{46.715:[8.41642;-1.23671;0.0399574]}+],
46.417,8.41642,-1.23671,0.0399574,8.41642,-1.23671,0.0399574,-2.7256e-08,3.28846e-08,-1.1706e-07,-3.00183e-08,3.03839e-08,-1.1706e-07,1000,0,0.5,-0,-0,-0,-0,[{46.51:[8.41642;-1.23671;0.0399574]}+{46.61:[8.41642;-1.23671;0.0399574]}+{46.71:[8.41642;-1.23671;0.0399574]}+{46.81:[8.41642;-1.23671;0.0399574]}+],
